year	quarter	region	method	catch
1950	0	0	1	57
1950	0	0	2	129
1950	0	0	3	59
1950	0	1	1	2000
1950	0	2	1	193
1950	0	2	2	120
1950	0	2	3	150
1950	1	0	1	57
1950	1	0	2	129
1950	1	0	3	59
1950	1	1	1	2000
1950	1	2	1	193
1950	1	2	2	120
1950	1	2	3	150
1950	2	0	1	57
1950	2	0	2	129
1950	2	0	3	59
1950	2	1	1	2000
1950	2	2	1	193
1950	2	2	2	120
1950	2	2	3	150
1950	3	0	1	57
1950	3	0	2	129
1950	3	0	3	59
1950	3	1	1	2000
1950	3	2	1	193
1950	3	2	2	120
1950	3	2	3	150
1951	0	0	1	56
1951	0	0	2	129
1951	0	0	3	60
1951	0	1	1	2000
1951	0	2	1	289
1951	0	2	2	358
1951	0	2	3	529
1951	1	0	1	56
1951	1	0	2	129
1951	1	0	3	60
1951	1	1	1	2000
1951	1	2	1	289
1951	1	2	2	358
1951	1	2	3	529
1951	2	0	1	56
1951	2	0	2	129
1951	2	0	3	60
1951	2	1	1	2000
1951	2	2	1	289
1951	2	2	2	358
1951	2	2	3	529
1951	3	0	1	56
1951	3	0	2	129
1951	3	0	3	60
1951	3	1	1	2000
1951	3	2	1	289
1951	3	2	2	358
1951	3	2	3	529
1952	0	0	1	56
1952	0	0	2	130
1952	0	0	3	59
1952	0	1	1	2000
1952	0	2	1	224
1952	0	2	2	353
1952	0	2	3	540
1952	1	0	1	56
1952	1	0	2	130
1952	1	0	3	59
1952	1	1	1	2000
1952	1	2	1	224
1952	1	2	2	353
1952	1	2	3	540
1952	2	0	1	56
1952	2	0	2	130
1952	2	0	3	59
1952	2	1	1	2000
1952	2	2	1	224
1952	2	2	2	353
1952	2	2	3	540
1952	3	0	1	56
1952	3	0	2	130
1952	3	0	3	59
1952	3	1	1	2000
1952	3	2	1	224
1952	3	2	2	353
1952	3	2	3	559
1953	0	0	1	55
1953	0	0	2	192
1953	0	0	3	60
1953	0	1	1	2250
1953	0	2	1	161
1953	0	2	2	332
1953	0	2	3	526
1953	1	0	1	55
1953	1	0	2	192
1953	1	0	3	60
1953	1	1	1	2250
1953	1	2	1	161
1953	1	2	2	332
1953	1	2	3	521
1953	2	0	1	55
1953	2	0	2	192
1953	2	0	3	60
1953	2	1	1	2250
1953	2	2	1	161
1953	2	2	2	332
1953	2	2	3	521
1953	3	0	1	55
1953	3	0	2	192
1953	3	0	3	60
1953	3	1	1	2250
1953	3	2	1	161
1953	3	2	2	332
1953	3	2	3	551
1954	0	0	1	56
1954	0	0	2	198
1954	0	0	3	61
1954	0	1	1	2250
1954	0	2	1	151
1954	0	2	2	391
1954	0	2	3	639
1954	1	0	1	56
1954	1	0	2	198
1954	1	0	3	129
1954	1	1	1	2250
1954	1	2	1	151
1954	1	2	2	391
1954	1	2	3	653
1954	2	0	1	56
1954	2	0	2	198
1954	2	0	3	61
1954	2	1	1	2250
1954	2	2	1	151
1954	2	2	2	391
1954	2	2	3	653
1954	3	0	1	56
1954	3	0	2	198
1954	3	0	3	61
1954	3	1	1	2250
1954	3	2	1	151
1954	3	2	2	391
1954	3	2	3	637
1955	0	0	1	56
1955	0	0	2	204
1955	0	0	3	117
1955	0	1	1	2250
1955	0	2	1	140
1955	0	2	2	387
1955	0	2	3	637
1955	1	0	1	56
1955	1	0	2	204
1955	1	0	3	163
1955	1	1	1	2250
1955	1	2	1	140
1955	1	2	2	387
1955	1	2	3	640
1955	2	0	1	56
1955	2	0	2	204
1955	2	0	3	167
1955	2	1	1	2250
1955	2	2	1	140
1955	2	2	2	387
1955	2	2	3	623
1955	3	0	1	56
1955	3	0	2	204
1955	3	0	3	208
1955	3	1	1	2250
1955	3	2	1	140
1955	3	2	2	387
1955	3	2	3	641
1956	0	0	1	57
1956	0	0	2	191
1956	0	0	3	220
1956	0	1	1	2250
1956	0	2	1	185
1956	0	2	2	425
1956	0	2	3	683
1956	1	0	1	57
1956	1	0	2	191
1956	1	0	3	167
1956	1	1	1	2250
1956	1	2	1	185
1956	1	2	2	425
1956	1	2	3	688
1956	2	0	1	57
1956	2	0	2	191
1956	2	0	3	330
1956	2	1	1	2250
1956	2	2	1	185
1956	2	2	2	425
1956	2	2	3	676
1956	3	0	1	57
1956	3	0	2	191
1956	3	0	3	69
1956	3	1	1	2250
1956	3	2	1	185
1956	3	2	2	425
1956	3	2	3	731
1957	0	0	1	57
1957	0	0	2	476
1957	0	0	3	116
1957	0	1	1	2500
1957	0	2	1	189
1957	0	2	2	410
1957	0	2	3	685
1957	1	0	1	57
1957	1	0	2	476
1957	1	0	3	75
1957	1	1	1	2500
1957	1	2	1	189
1957	1	2	2	410
1957	1	2	3	681
1957	2	0	1	57
1957	2	0	2	476
1957	2	0	3	106
1957	2	1	1	2500
1957	2	2	1	189
1957	2	2	2	410
1957	2	2	3	650
1957	3	0	1	57
1957	3	0	2	476
1957	3	0	3	152
1957	3	1	1	2500
1957	3	2	1	189
1957	3	2	2	410
1957	3	2	3	661
1958	0	0	1	56
1958	0	0	2	243
1958	0	0	3	126
1958	0	1	1	2500
1958	0	2	1	205
1958	0	2	2	417
1958	0	2	3	665
1958	1	0	1	56
1958	1	0	2	243
1958	1	0	3	156
1958	1	1	1	2500
1958	1	2	1	205
1958	1	2	2	417
1958	1	2	3	675
1958	2	0	1	56
1958	2	0	2	243
1958	2	0	3	71
1958	2	1	1	2500
1958	2	2	1	205
1958	2	2	2	417
1958	2	2	3	655
1958	3	0	1	56
1958	3	0	2	243
1958	3	0	3	82
1958	3	1	1	2500
1958	3	2	1	205
1958	3	2	2	417
1958	3	2	3	677
1959	0	0	1	55
1959	0	0	2	244
1959	0	0	3	94
1959	0	1	1	2500
1959	0	2	1	221
1959	0	2	2	423
1959	0	2	3	697
1959	1	0	1	55
1959	1	0	2	244
1959	1	0	3	220
1959	1	1	1	2500
1959	1	2	1	221
1959	1	2	2	423
1959	1	2	3	665
1959	2	0	1	55
1959	2	0	2	244
1959	2	0	3	69
1959	2	1	1	2500
1959	2	2	1	221
1959	2	2	2	423
1959	2	2	3	661
1959	3	0	1	55
1959	3	0	2	244
1959	3	0	3	69
1959	3	1	1	2500
1959	3	2	1	221
1959	3	2	2	423
1959	3	2	3	663
1960	0	0	1	56
1960	0	0	2	294
1960	0	0	3	258
1960	0	1	1	2289
1960	0	2	1	287
1960	0	2	2	445
1960	0	2	3	692
1960	1	0	1	56
1960	1	0	2	294
1960	1	0	3	165
1960	1	1	1	2754
1960	1	2	1	287
1960	1	2	2	445
1960	1	2	3	707
1960	2	0	1	56
1960	2	0	2	294
1960	2	0	3	73
1960	2	1	1	2107
1960	2	2	1	287
1960	2	2	2	445
1960	2	2	3	680
1960	3	0	1	56
1960	3	0	2	294
1960	3	0	3	97
1960	3	1	1	1850
1960	3	2	1	287
1960	3	2	2	445
1960	3	2	3	700
1961	0	0	1	143
1961	0	0	2	270
1961	0	0	3	75
1961	0	1	1	2183
1961	0	2	1	353
1961	0	2	2	497
1961	0	2	3	758
1961	1	0	1	38
1961	1	0	2	270
1961	1	0	3	177
1961	1	1	1	2490
1961	1	2	1	353
1961	1	2	2	497
1961	1	2	3	751
1961	2	0	1	13
1961	2	0	2	270
1961	2	0	3	242
1961	2	1	1	1638
1961	2	2	1	353
1961	2	2	2	497
1961	2	2	3	760
1961	3	0	1	190
1961	3	0	2	270
1961	3	0	3	175
1961	3	1	1	1689
1961	3	2	1	353
1961	3	2	2	497
1961	3	2	3	772
1962	0	0	1	25
1962	0	0	2	409
1962	0	0	3	196
1962	0	1	1	2203
1962	0	2	1	531
1962	0	2	2	648
1962	0	2	3	998
1962	1	0	1	7
1962	1	0	2	409
1962	1	0	3	90
1962	1	1	1	2342
1962	1	2	1	531
1962	1	2	2	648
1962	1	2	3	964
1962	2	0	1	2
1962	2	0	2	409
1962	2	0	3	91
1962	2	1	1	1700
1962	2	2	1	531
1962	2	2	2	648
1962	2	2	3	976
1962	3	0	1	37
1962	3	0	2	409
1962	3	0	3	191
1962	3	1	1	1755
1962	3	2	1	531
1962	3	2	2	648
1962	3	2	3	985
1963	0	0	0	12
1963	0	0	1	98
1963	0	0	2	608
1963	0	0	3	119
1963	0	1	1	2326
1963	0	2	1	710
1963	0	2	2	730
1963	0	2	3	1063
1963	1	0	0	12
1963	1	0	1	26
1963	1	0	2	608
1963	1	0	3	190
1963	1	1	1	2186
1963	1	2	1	710
1963	1	2	2	730
1963	1	2	3	1080
1963	2	0	0	12
1963	2	0	1	9
1963	2	0	2	608
1963	2	0	3	133
1963	2	1	1	1700
1963	2	2	1	710
1963	2	2	2	730
1963	2	2	3	1074
1963	3	0	0	12
1963	3	0	1	142
1963	3	0	2	608
1963	3	0	3	92
1963	3	1	1	1789
1963	3	2	1	710
1963	3	2	2	730
1963	3	2	3	1062
1964	0	0	0	55
1964	0	0	1	86
1964	0	0	2	834
1964	0	0	3	113
1964	0	1	1	2326
1964	0	2	1	687
1964	0	2	2	728
1964	0	2	3	1072
1964	1	0	0	55
1964	1	0	1	24
1964	1	0	2	863
1964	1	0	3	133
1964	1	1	1	2186
1964	1	2	1	687
1964	1	2	2	728
1964	1	2	3	1062
1964	2	0	0	55
1964	2	0	1	8
1964	2	0	2	834
1964	2	0	3	133
1964	2	1	1	1700
1964	2	2	1	687
1964	2	2	2	728
1964	2	2	3	1076
1964	3	0	0	55
1964	3	0	1	120
1964	3	0	2	834
1964	3	0	3	160
1964	3	1	1	1789
1964	3	2	1	687
1964	3	2	2	728
1964	3	2	3	1080
1965	0	0	0	3
1965	0	0	1	57
1965	0	0	2	903
1965	0	0	3	157
1965	0	1	1	4099
1965	0	2	1	664
1965	0	2	2	743
1965	0	2	3	1096
1965	1	0	0	3
1965	1	0	1	16
1965	1	0	2	922
1965	1	0	3	183
1965	1	1	1	3852
1965	1	2	1	664
1965	1	2	2	743
1965	1	2	3	1104
1965	2	0	0	3
1965	2	0	1	5
1965	2	0	2	903
1965	2	0	3	104
1965	2	1	1	2996
1965	2	2	1	664
1965	2	2	2	743
1965	2	2	3	1089
1965	3	0	0	3
1965	3	0	1	77
1965	3	0	2	903
1965	3	0	3	102
1965	3	1	1	3153
1965	3	2	1	664
1965	3	2	2	743
1965	3	2	3	1096
1966	0	0	1	41
1966	0	0	2	1205
1966	0	0	3	174
1966	0	1	1	4913
1966	0	2	1	440
1966	0	2	2	1163
1966	0	2	3	1169
1966	1	0	1	12
1966	1	0	2	1205
1966	1	0	3	276
1966	1	1	1	4617
1966	1	2	1	440
1966	1	2	2	1163
1966	1	2	3	1169
1966	2	0	1	4
1966	2	0	2	1218
1966	2	0	3	135
1966	2	1	1	3591
1966	2	2	1	440
1966	2	2	2	1163
1966	2	2	3	1178
1966	3	0	1	55
1966	3	0	2	1205
1966	3	0	3	154
1966	3	1	1	3779
1966	3	2	1	440
1966	3	2	2	1163
1966	3	2	3	1177
1967	0	0	1	59
1967	0	0	2	1171
1967	0	0	3	202
1967	0	1	1	5494
1967	0	2	1	484
1967	0	2	2	1234
1967	0	2	3	1216
1967	1	0	1	17
1967	1	0	2	1172
1967	1	0	3	197
1967	1	1	1	5163
1967	1	2	1	484
1967	1	2	2	1234
1967	1	2	3	1216
1967	2	0	1	5
1967	2	0	2	1190
1967	2	0	3	138
1967	2	1	1	4016
1967	2	2	1	484
1967	2	2	2	1234
1967	2	2	3	1210
1967	3	0	1	80
1967	3	0	2	1171
1967	3	0	3	153
1967	3	1	1	4226
1967	3	2	1	484
1967	3	2	2	1234
1967	3	2	3	1208
1968	0	0	1	90
1968	0	0	2	1177
1968	0	0	3	248
1968	0	1	1	5087
1968	0	2	1	548
1968	0	2	2	1321
1968	0	2	3	1252
1968	1	0	1	26
1968	1	0	2	1178
1968	1	0	3	302
1968	1	1	1	4781
1968	1	2	1	548
1968	1	2	2	1321
1968	1	2	3	1245
1968	2	0	1	8
1968	2	0	2	1206
1968	2	0	3	215
1968	2	1	1	3719
1968	2	2	1	548
1968	2	2	2	1321
1968	2	2	3	1237
1968	3	0	1	121
1968	3	0	2	1177
1968	3	0	3	242
1968	3	1	1	3913
1968	3	2	1	548
1968	3	2	2	1321
1968	3	2	3	1236
1969	0	0	1	74
1969	0	0	2	1063
1969	0	0	3	298
1969	0	1	1	5698
1969	0	2	1	613
1969	0	2	2	1432
1969	0	2	3	1311
1969	1	0	1	29
1969	1	0	2	1065
1969	1	0	3	147
1969	1	1	1	5355
1969	1	2	1	613
1969	1	2	2	1432
1969	1	2	3	1315
1969	2	0	1	19
1969	2	0	2	1103
1969	2	0	3	215
1969	2	1	1	4165
1969	2	2	1	613
1969	2	2	2	1432
1969	2	2	3	1306
1969	3	0	1	221
1969	3	0	2	1063
1969	3	0	3	163
1969	3	1	1	4383
1969	3	2	1	613
1969	3	2	2	1432
1969	3	2	3	1305
1970	0	0	1	70
1970	0	0	2	969
1970	0	0	3	191
1970	0	1	1	6554
1970	0	1	3	203
1970	0	2	0	0
1970	0	2	1	482
1970	0	2	2	892
1970	0	2	3	1116
1970	1	0	1	30
1970	1	0	2	970
1970	1	0	3	173
1970	1	1	1	5346
1970	1	1	3	92
1970	1	2	0	0
1970	1	2	1	482
1970	1	2	2	1050
1970	1	2	3	1123
1970	2	0	1	15
1970	2	0	2	1004
1970	2	0	3	191
1970	2	1	1	6808
1970	2	1	3	163
1970	2	2	0	0
1970	2	2	1	482
1970	2	2	2	1706
1970	2	2	3	1160
1970	3	0	1	185
1970	3	0	2	969
1970	3	0	3	168
1970	3	1	1	8892
1970	3	1	3	176
1970	3	2	0	0
1970	3	2	1	482
1970	3	2	2	1066
1970	3	2	3	1114
1971	0	0	1	101
1971	0	0	2	793
1971	0	0	3	276
1971	0	1	1	6866
1971	0	1	3	174
1971	0	2	0	0
1971	0	2	1	350
1971	0	2	2	716
1971	0	2	3	1037
1971	1	0	1	46
1971	1	0	2	795
1971	1	0	3	215
1971	1	1	1	6479
1971	1	1	3	131
1971	1	2	0	0
1971	1	2	1	350
1971	1	2	2	962
1971	1	2	3	1031
1971	2	0	1	26
1971	2	0	2	840
1971	2	0	3	274
1971	2	1	1	5570
1971	2	1	3	59
1971	2	2	0	0
1971	2	2	1	350
1971	2	2	2	1472
1971	2	2	3	1028
1971	3	0	1	256
1971	3	0	2	793
1971	3	0	3	201
1971	3	1	1	9092
1971	3	1	3	119
1971	3	2	0	0
1971	3	2	1	350
1971	3	2	2	782
1971	3	2	3	1028
1972	0	0	1	73
1972	0	0	2	947
1972	0	0	3	274
1972	0	1	1	6816
1972	0	1	3	124
1972	0	2	0	0
1972	0	2	1	579
1972	0	2	2	1043
1972	0	2	3	1360
1972	1	0	1	36
1972	1	0	2	948
1972	1	0	3	285
1972	1	1	1	3582
1972	1	1	3	54
1972	1	2	0	0
1972	1	2	1	579
1972	1	2	2	1321
1972	1	2	3	1361
1972	2	0	1	16
1972	2	0	2	980
1972	2	0	3	271
1972	2	1	1	3866
1972	2	1	3	91
1972	2	2	0	0
1972	2	2	1	579
1972	2	2	2	1933
1972	2	2	3	1362
1972	3	0	1	175
1972	3	0	2	947
1972	3	0	3	248
1972	3	1	1	3214
1972	3	1	3	71
1972	3	2	0	0
1972	3	2	1	579
1972	3	2	2	1379
1972	3	2	3	1358
1973	0	0	1	1451
1973	0	0	2	1090
1973	0	0	3	350
1973	0	1	1	6326
1973	0	1	3	169
1973	0	2	0	0
1973	0	2	1	703
1973	0	2	2	1222
1973	0	2	3	1514
1973	1	0	1	1308
1973	1	0	2	884
1973	1	0	3	287
1973	1	1	1	3383
1973	1	1	3	108
1973	1	2	0	0
1973	1	2	1	703
1973	1	2	2	1576
1973	1	2	3	1886
1973	2	0	1	1271
1973	2	0	2	608
1973	2	0	3	360
1973	2	1	1	3750
1973	2	1	3	25
1973	2	2	0	0
1973	2	2	1	703
1973	2	2	2	2362
1973	2	2	3	1889
1973	3	0	1	1517
1973	3	0	2	466
1973	3	0	3	266
1973	3	1	1	6089
1973	3	1	3	149
1973	3	2	0	0
1973	3	2	1	703
1973	3	2	2	1667
1973	3	2	3	1761
1974	0	0	1	2867
1974	0	0	2	1380
1974	0	0	3	394
1974	0	1	1	5876
1974	0	1	3	221
1974	0	2	0	0
1974	0	2	1	617
1974	0	2	2	1055
1974	0	2	3	2021
1974	1	0	1	2688
1974	1	0	2	1332
1974	1	0	3	327
1974	1	1	1	6779
1974	1	1	3	105
1974	1	2	0	0
1974	1	2	1	617
1974	1	2	2	1371
1974	1	2	3	2013
1974	2	0	1	2645
1974	2	0	2	609
1974	2	0	3	412
1974	2	1	1	4010
1974	2	1	3	19
1974	2	2	0	0
1974	2	2	1	617
1974	2	2	2	2653
1974	2	2	3	1900
1974	3	0	1	2953
1974	3	0	2	867
1974	3	0	3	301
1974	3	1	1	5864
1974	3	1	3	76
1974	3	2	0	0
1974	3	2	1	617
1974	3	2	2	1708
1974	3	2	3	1856
1975	0	0	1	797
1975	0	0	2	1402
1975	0	0	3	453
1975	0	1	1	3796
1975	0	1	3	69
1975	0	2	0	0
1975	0	2	1	502
1975	0	2	2	969
1975	0	2	3	2807
1975	1	0	1	538
1975	1	0	2	1667
1975	1	0	3	342
1975	1	1	1	4567
1975	1	1	3	73
1975	1	2	0	0
1975	1	2	1	502
1975	1	2	2	1425
1975	1	2	3	2795
1975	2	0	1	476
1975	2	0	2	597
1975	2	0	3	478
1975	2	1	1	3494
1975	2	1	3	54
1975	2	2	0	0
1975	2	2	1	502
1975	2	2	2	3277
1975	2	2	3	2635
1975	3	0	1	922
1975	3	0	2	995
1975	3	0	3	314
1975	3	1	1	3068
1975	3	1	3	73
1975	3	2	0	0
1975	3	2	1	502
1975	3	2	2	1912
1975	3	2	3	2569
1976	0	0	1	265
1976	0	0	2	1124
1976	0	0	3	437
1976	0	1	1	5351
1976	0	1	3	139
1976	0	2	0	0
1976	0	2	1	900
1976	0	2	2	1555
1976	0	2	3	3255
1976	1	0	1	78
1976	1	0	2	1481
1976	1	0	3	367
1976	1	1	1	5866
1976	1	1	3	121
1976	1	2	0	0
1976	1	2	1	900
1976	1	2	2	2063
1976	1	2	3	3241
1976	2	0	1	33
1976	2	0	2	707
1976	2	0	3	461
1976	2	1	1	3362
1976	2	1	3	58
1976	2	2	0	0
1976	2	2	1	900
1976	2	2	2	4127
1976	2	2	3	3061
1976	3	0	1	356
1976	3	0	2	1094
1976	3	0	3	342
1976	3	1	1	4008
1976	3	1	3	159
1976	3	2	0	0
1976	3	2	1	900
1976	3	2	2	2606
1976	3	2	3	2989
1977	0	0	1	331
1977	0	0	2	1011
1977	0	0	3	479
1977	0	1	1	3844
1977	0	1	3	123
1977	0	2	0	0
1977	0	2	1	911
1977	0	2	2	1567
1977	0	2	3	3637
1977	1	0	1	160
1977	1	0	2	1335
1977	1	0	3	412
1977	1	1	1	3405
1977	1	1	3	77
1977	1	2	0	0
1977	1	2	1	911
1977	1	2	2	2167
1977	1	2	3	3620
1977	2	0	1	119
1977	2	0	2	647
1977	2	0	3	502
1977	2	1	1	3154
1977	2	1	3	24
1977	2	2	0	0
1977	2	2	1	911
1977	2	2	2	4609
1977	2	2	3	3408
1977	3	0	1	413
1977	3	0	2	998
1977	3	0	3	392
1977	3	1	1	3263
1977	3	1	3	82
1977	3	2	0	132
1977	3	2	1	911
1977	3	2	2	2810
1977	3	2	3	3324
1978	0	0	0	0
1978	0	0	1	517
1978	0	0	2	588
1978	0	0	3	605
1978	0	1	1	4585
1978	0	1	3	107
1978	0	2	0	1341
1978	0	2	1	1122
1978	0	2	2	1510
1978	0	2	3	1894
1978	1	0	0	0
1978	1	0	1	240
1978	1	0	2	784
1978	1	0	3	490
1978	1	1	1	2625
1978	1	1	3	51
1978	1	2	0	735
1978	1	2	1	1122
1978	1	2	2	1784
1978	1	2	3	1885
1978	2	0	0	0
1978	2	0	1	174
1978	2	0	2	458
1978	2	0	3	635
1978	2	1	1	2798
1978	2	1	3	34
1978	2	2	0	1459
1978	2	2	1	1122
1978	2	2	2	2901
1978	2	2	3	1815
1978	3	0	0	0
1978	3	0	1	650
1978	3	0	2	591
1978	3	0	3	462
1978	3	1	1	3154
1978	3	1	3	79
1978	3	2	0	2012
1978	3	2	1	1122
1978	3	2	2	2078
1978	3	2	3	1786
1979	0	0	0	12
1979	0	0	1	579
1979	0	0	2	992
1979	0	0	3	699
1979	0	1	1	5203
1979	0	1	3	83
1979	0	2	0	1355
1979	0	2	1	996
1979	0	2	2	178
1979	0	2	3	1790
1979	1	0	0	9
1979	1	0	1	205
1979	1	0	2	1490
1979	1	0	3	609
1979	1	1	1	4049
1979	1	1	3	91
1979	1	2	0	831
1979	1	2	1	996
1979	1	2	2	5254
1979	1	2	3	1784
1979	2	0	0	11
1979	2	0	1	116
1979	2	0	2	548
1979	2	0	3	700
1979	2	1	1	3181
1979	2	1	3	57
1979	2	2	0	1422
1979	2	2	1	996
1979	2	2	2	1508
1979	2	2	3	1721
1979	3	0	0	10
1979	3	0	1	759
1979	3	0	2	997
1979	3	0	3	529
1979	3	1	1	4822
1979	3	1	3	101
1979	3	2	0	1383
1979	3	2	1	996
1979	3	2	2	722
1979	3	2	3	1692
1980	0	0	0	282
1980	0	0	1	299
1980	0	0	2	464
1980	0	0	3	711
1980	0	1	1	6458
1980	0	1	3	197
1980	0	2	0	1515
1980	0	2	1	1131
1980	0	2	2	1611
1980	0	2	3	2015
1980	1	0	0	227
1980	1	0	1	87
1980	1	0	2	632
1980	1	0	3	673
1980	1	1	1	4251
1980	1	1	3	114
1980	1	2	0	883
1980	1	2	1	1131
1980	1	2	2	1903
1980	1	2	3	2010
1980	2	0	0	248
1980	2	0	1	36
1980	2	0	2	270
1980	2	0	3	716
1980	2	1	1	4885
1980	2	1	3	42
1980	2	2	0	1551
1980	2	2	1	1131
1980	2	2	2	3088
1980	2	2	3	1934
1980	3	0	0	243
1980	3	0	1	402
1980	3	0	2	478
1980	3	0	3	583
1980	3	1	1	6577
1980	3	1	3	125
1980	3	2	0	1386
1980	3	2	1	1131
1980	3	2	2	2215
1980	3	2	3	1906
1981	0	0	0	635
1981	0	0	1	409
1981	0	0	2	715
1981	0	0	3	777
1981	0	1	1	6197
1981	0	1	3	173
1981	0	2	0	1630
1981	0	2	1	1307
1981	0	2	2	220
1981	0	2	3	2269
1981	1	0	0	396
1981	1	0	1	150
1981	1	0	2	962
1981	1	0	3	780
1981	1	1	1	4317
1981	1	1	3	95
1981	1	2	0	889
1981	1	2	1	1307
1981	1	2	2	545
1981	1	2	3	2259
1981	2	0	0	431
1981	2	0	1	88
1981	2	0	2	412
1981	2	0	3	852
1981	2	1	1	4441
1981	2	1	3	58
1981	2	2	0	1682
1981	2	2	1	1307
1981	2	2	2	8432
1981	2	2	3	2179
1981	3	0	0	438
1981	3	0	1	534
1981	3	0	2	715
1981	3	0	3	681
1981	3	1	1	4691
1981	3	1	3	88
1981	3	2	0	1388
1981	3	2	1	1307
1981	3	2	2	894
1981	3	2	3	2142
1982	0	0	0	985
1982	0	0	1	492
1982	0	0	2	901
1982	0	0	3	833
1982	0	1	1	3779
1982	0	1	3	84
1982	0	2	0	2329
1982	0	2	1	1239
1982	0	2	2	1961
1982	0	2	3	2786
1982	1	0	0	600
1982	1	0	1	146
1982	1	0	2	1205
1982	1	0	3	1034
1982	1	1	1	4650
1982	1	1	3	43
1982	1	2	0	1439
1982	1	2	1	1221
1982	1	2	2	2395
1982	1	2	3	2780
1982	2	0	0	600
1982	2	0	1	63
1982	2	0	2	511
1982	2	0	3	991
1982	2	1	1	3868
1982	2	1	3	23
1982	2	2	0	2291
1982	2	2	1	1216
1982	2	2	2	4162
1982	2	2	3	2665
1982	3	0	0	1033
1982	3	0	1	659
1982	3	0	2	886
1982	3	0	3	768
1982	3	1	1	2977
1982	3	1	3	35
1982	3	2	0	2011
1982	3	2	1	1216
1982	3	2	2	2860
1982	3	2	3	2621
1983	0	0	0	2526
1983	0	0	1	554
1983	0	0	2	308
1983	0	0	3	882
1983	0	1	1	6059
1983	0	1	3	83
1983	0	2	0	2145
1983	0	2	1	1168
1983	0	2	2	1841
1983	0	2	3	2701
1983	1	0	0	2069
1983	1	0	1	151
1983	1	0	2	414
1983	1	0	3	1127
1983	1	1	1	5796
1983	1	1	3	46
1983	1	2	0	1214
1983	1	2	1	1141
1983	1	2	2	2265
1983	1	2	3	2689
1983	2	0	0	1220
1983	2	0	1	55
1983	2	0	2	179
1983	2	0	3	1194
1983	2	1	1	3429
1983	2	1	3	29
1983	2	2	0	2216
1983	2	2	1	1138
1983	2	2	2	3990
1983	2	2	3	2581
1983	3	0	0	4512
1983	3	0	1	748
1983	3	0	2	304
1983	3	0	3	849
1983	3	1	1	3994
1983	3	1	3	41
1983	3	2	0	1888
1983	3	2	1	1141
1983	3	2	2	2719
1983	3	2	3	2539
1984	0	0	0	4091
1984	0	0	1	407
1984	0	0	2	342
1984	0	0	3	1037
1984	0	1	1	7921
1984	0	1	3	167
1984	0	2	0	2165
1984	0	2	1	819
1984	0	2	2	1506
1984	0	2	3	2667
1984	1	0	0	5652
1984	1	0	1	158
1984	1	0	2	477
1984	1	0	3	1315
1984	1	1	1	5775
1984	1	1	3	102
1984	1	2	0	1193
1984	1	2	1	409
1984	1	2	2	1944
1984	1	2	3	2650
1984	2	0	0	11614
1984	2	0	1	105
1984	2	0	2	205
1984	2	0	3	1430
1984	2	1	1	6634
1984	2	1	3	31
1984	2	2	0	2326
1984	2	2	1	323
1984	2	2	2	3725
1984	2	2	3	2540
1984	3	0	0	18903
1984	3	0	1	1219
1984	3	0	2	342
1984	3	0	3	956
1984	3	1	1	11998
1984	3	1	3	40
1984	3	2	0	1873
1984	3	2	1	2132
1984	3	2	2	2413
1984	3	2	3	2496
1985	0	0	0	8346
1985	0	0	1	637
1985	0	0	2	552
1985	0	0	3	1068
1985	0	1	1	11912
1985	0	1	3	117
1985	0	2	0	2348
1985	0	2	1	1386
1985	0	2	2	1873
1985	0	2	3	2785
1985	1	0	0	9391
1985	1	0	1	372
1985	1	0	2	736
1985	1	0	3	1321
1985	1	1	1	9001
1985	1	1	3	37
1985	1	2	0	1293
1985	1	2	1	874
1985	1	2	2	2248
1985	1	2	3	2785
1985	2	0	0	17654
1985	2	0	1	0
1985	2	0	2	317
1985	2	0	3	1439
1985	2	1	1	7587
1985	2	1	3	78
1985	2	2	0	2342
1985	2	2	1	159
1985	2	2	2	3802
1985	2	2	3	2679
1985	3	0	0	24072
1985	3	0	1	736
1985	3	0	2	541
1985	3	0	3	1006
1985	3	1	1	13670
1985	3	1	3	48
1985	3	2	0	1957
1985	3	2	1	1572
1985	3	2	2	2285
1985	3	2	3	2617
1986	0	0	0	10804
1986	0	0	1	800
1986	0	0	2	418
1986	0	0	3	1193
1986	0	1	1	11852
1986	0	1	3	47
1986	0	2	0	211
1986	0	2	1	980
1986	0	2	2	2132
1986	0	2	3	2983
1986	1	0	0	20886
1986	1	0	1	217
1986	1	0	2	561
1986	1	0	3	1459
1986	1	1	1	8092
1986	1	1	3	19
1986	1	2	0	1750
1986	1	2	1	939
1986	1	2	2	2997
1986	1	2	3	2970
1986	2	0	0	18300
1986	2	0	1	77
1986	2	0	2	244
1986	2	0	3	1736
1986	2	1	1	9738
1986	2	1	3	281
1986	2	2	0	3407
1986	2	2	1	936
1986	2	2	2	3817
1986	2	2	3	2851
1986	3	0	0	18784
1986	3	0	1	1083
1986	3	0	2	412
1986	3	0	3	1142
1986	3	1	1	15402
1986	3	1	3	42
1986	3	2	0	2676
1986	3	2	1	940
1986	3	2	2	1977
1986	3	2	3	2804
1987	0	0	0	11592
1987	0	0	1	1009
1987	0	0	2	985
1987	0	0	3	1502
1987	0	1	1	13414
1987	0	1	3	108
1987	0	2	0	2638
1987	0	2	1	1423
1987	0	2	2	1916
1987	0	2	3	3053
1987	1	0	0	19164
1987	1	0	1	712
1987	1	0	2	1329
1987	1	0	3	1505
1987	1	1	1	11562
1987	1	1	3	37
1987	1	2	0	1931
1987	1	2	1	956
1987	1	2	2	2287
1987	1	2	3	3036
1987	2	0	0	26366
1987	2	0	1	10
1987	2	0	2	556
1987	2	0	3	2115
1987	2	1	1	8900
1987	2	1	3	63
1987	2	2	0	2353
1987	2	2	1	168
1987	2	2	2	3340
1987	2	2	3	2916
1987	3	0	0	26712
1987	3	0	1	1202
1987	3	0	2	967
1987	3	0	3	1390
1987	3	1	1	8739
1987	3	1	3	87
1987	3	2	0	2070
1987	3	2	1	1500
1987	3	2	2	3982
1987	3	2	3	2871
1988	0	0	0	9654
1988	0	0	1	2016
1988	0	0	2	2055
1988	0	0	3	1514
1988	0	1	1	18356
1988	0	1	3	81
1988	0	2	0	2729
1988	0	2	1	2858
1988	0	2	2	2081
1988	0	2	3	3191
1988	1	0	0	14974
1988	1	0	1	195
1988	1	0	2	1717
1988	1	0	3	1516
1988	1	1	1	8886
1988	1	1	3	74
1988	1	2	0	1515
1988	1	2	1	449
1988	1	2	2	2886
1988	1	2	3	3734
1988	2	0	0	32157
1988	2	0	1	3
1988	2	0	2	1043
1988	2	0	3	2055
1988	2	1	1	10913
1988	2	1	3	51
1988	2	2	0	2843
1988	2	2	1	196
1988	2	2	2	4714
1988	2	2	3	3736
1988	3	0	0	37964
1988	3	0	1	366
1988	3	0	2	904
1988	3	0	3	1414
1988	3	1	1	20062
1988	3	1	3	123
1988	3	2	0	2364
1988	3	2	1	673
1988	3	2	2	3202
1988	3	2	3	3540
1989	0	0	0	35463
1989	0	0	1	1106
1989	0	0	2	2626
1989	0	0	3	1640
1989	0	1	1	16189
1989	0	1	3	108
1989	0	2	0	5590
1989	0	2	1	1449
1989	0	2	2	6603
1989	0	2	3	4735
1989	1	0	0	27480
1989	1	0	1	173
1989	1	0	2	2834
1989	1	0	3	1665
1989	1	1	1	12925
1989	1	1	3	75
1989	1	2	0	1324
1989	1	2	1	404
1989	1	2	2	1319
1989	1	2	3	4129
1989	2	0	0	34900
1989	2	0	1	130
1989	2	0	2	998
1989	2	0	3	2279
1989	2	1	1	12720
1989	2	1	3	30
1989	2	2	0	1703
1989	2	2	1	356
1989	2	2	2	4541
1989	2	2	3	3457
1989	3	0	0	31641
1989	3	0	1	1657
1989	3	0	2	1926
1989	3	0	3	1542
1989	3	1	1	15976
1989	3	1	3	122
1989	3	2	0	1544
1989	3	2	1	2063
1989	3	2	2	2441
1989	3	2	3	3615
1990	0	0	0	27275
1990	0	0	1	2952
1990	0	0	2	2269
1990	0	0	3	1684
1990	0	1	1	14361
1990	0	1	3	53
1990	0	2	0	2494
1990	0	2	1	4062
1990	0	2	2	3006
1990	0	2	3	3321
1990	1	0	0	24980
1990	1	0	2	3846
1990	1	0	3	1645
1990	1	1	1	10876
1990	1	1	3	132
1990	1	2	0	1595
1990	1	2	1	167
1990	1	2	2	3394
1990	1	2	3	3379
1990	2	0	0	29444
1990	2	0	2	776
1990	2	0	3	2245
1990	2	1	1	13929
1990	2	1	3	399
1990	2	2	0	2414
1990	2	2	1	164
1990	2	2	2	5301
1990	2	2	3	3150
1990	3	0	0	24803
1990	3	0	2	2105
1990	3	0	3	1521
1990	3	1	1	21545
1990	3	1	3	130
1990	3	2	0	1990
1990	3	2	1	168
1990	3	2	2	3895
1990	3	2	3	3090
1991	0	0	0	13758
1991	0	0	1	2376
1991	0	0	2	1158
1991	0	0	3	1683
1991	0	1	1	11275
1991	0	1	3	70
1991	0	2	0	2966
1991	0	2	1	1267
1991	0	2	2	3406
1991	0	2	3	3845
1991	1	0	0	25648
1991	1	0	1	221
1991	1	0	2	2442
1991	1	0	3	1698
1991	1	1	1	14220
1991	1	1	3	230
1991	1	2	0	1926
1991	1	2	1	1267
1991	1	2	2	3959
1991	1	2	3	3878
1991	2	0	0	34745
1991	2	0	1	21
1991	2	0	2	2255
1991	2	0	3	2356
1991	2	1	1	16070
1991	2	1	3	60
1991	2	2	0	2844
1991	2	2	1	1267
1991	2	2	2	6208
1991	2	2	3	3686
1991	3	0	0	47822
1991	3	0	1	598
1991	3	0	2	3010
1991	3	0	3	1570
1991	3	1	1	16760
1991	3	1	3	212
1991	3	2	0	2404
1991	3	2	1	1267
1991	3	2	2	4551
1991	3	2	3	3618
1992	0	0	0	34323
1992	0	0	1	2747
1992	0	0	2	2722
1992	0	0	3	1739
1992	0	1	1	13285
1992	0	1	3	184
1992	0	2	0	2678
1992	0	2	1	1376
1992	0	2	2	4131
1992	0	2	3	4355
1992	1	0	0	40543
1992	1	0	1	255
1992	1	0	2	3351
1992	1	0	3	1742
1992	1	1	1	17499
1992	1	1	3	177
1992	1	2	0	1438
1992	1	2	1	1360
1992	1	2	2	4635
1992	1	2	3	7617
1992	2	0	0	36141
1992	2	0	1	24
1992	2	0	2	2016
1992	2	0	3	2514
1992	2	1	1	9579
1992	2	1	3	119
1992	2	2	0	2593
1992	2	2	1	1360
1992	2	2	2	6684
1992	2	2	3	4697
1992	3	0	0	39878
1992	3	0	1	691
1992	3	0	2	2711
1992	3	0	3	1607
1992	3	1	1	17247
1992	3	1	3	487
1992	3	2	0	2235
1992	3	2	1	1360
1992	3	2	2	5174
1992	3	2	3	3462
1993	0	0	0	30858
1993	0	0	1	2897
1993	0	0	2	2969
1993	0	0	3	1762
1993	0	1	1	14746
1993	0	1	3	158
1993	0	2	0	3690
1993	0	2	1	1558
1993	0	2	2	5050
1993	0	2	3	5594
1993	1	0	0	46103
1993	1	0	1	269
1993	1	0	2	3741
1993	1	0	3	1764
1993	1	1	1	14284
1993	1	1	3	250
1993	1	2	0	1999
1993	1	2	1	1558
1993	1	2	2	5798
1993	1	2	3	7475
1993	2	0	0	45189
1993	2	0	1	25
1993	2	0	2	2175
1993	2	0	3	2587
1993	2	1	1	14120
1993	2	1	3	190
1993	2	2	0	3967
1993	2	2	1	1558
1993	2	2	2	8838
1993	2	2	3	5296
1993	3	0	0	39575
1993	3	0	1	729
1993	3	0	2	2972
1993	3	0	3	1618
1993	3	1	1	14827
1993	3	1	3	164
1993	3	2	0	5167
1993	3	2	1	1558
1993	3	2	2	6598
1993	3	2	3	4853
1994	0	0	0	23248
1994	0	0	1	2891
1994	0	0	2	4030
1994	0	0	3	1725
1994	0	1	1	18476
1994	0	1	3	219
1994	0	2	0	6770
1994	0	2	1	1713
1994	0	2	2	6422
1994	0	2	3	5675
1994	1	0	0	39818
1994	1	0	1	268
1994	1	0	2	4774
1994	1	0	3	1759
1994	1	1	1	16602
1994	1	1	3	47
1994	1	2	0	6383
1994	1	2	1	1699
1994	1	2	2	7244
1994	1	2	3	5687
1994	2	0	0	49756
1994	2	0	1	25
1994	2	0	2	3084
1994	2	0	3	2557
1994	2	1	1	18571
1994	2	1	3	26
1994	2	2	0	6075
1994	2	2	1	1681
1994	2	2	2	10584
1994	2	2	3	5408
1994	3	0	0	51942
1994	3	0	1	728
1994	3	0	2	4124
1994	3	0	3	1590
1994	3	1	1	15304
1994	3	1	3	166
1994	3	2	0	9034
1994	3	2	1	1681
1994	3	2	2	8123
1994	3	2	3	5344
1995	0	0	0	38812
1995	0	0	1	3223
1995	0	0	2	2225
1995	0	0	3	1837
1995	0	1	1	19719
1995	0	1	3	91
1995	0	2	0	8873
1995	0	2	1	2340
1995	0	2	2	5667
1995	0	2	3	5821
1995	1	0	0	38129
1995	1	0	1	299
1995	1	0	2	3016
1995	1	0	3	1849
1995	1	1	1	14758
1995	1	1	3	143
1995	1	2	0	6851
1995	1	2	1	1973
1995	1	2	2	6505
1995	1	2	3	5816
1995	2	0	0	44195
1995	2	0	1	28
1995	2	0	2	1509
1995	2	0	3	2756
1995	2	1	1	12169
1995	2	1	3	120
1995	2	2	0	6167
1995	2	2	1	1943
1995	2	2	2	9910
1995	2	2	3	5603
1995	3	0	0	42262
1995	3	0	1	811
1995	3	0	2	2329
1995	3	0	3	1675
1995	3	1	1	23252
1995	3	1	3	122
1995	3	2	0	7767
1995	3	2	1	1981
1995	3	2	2	7401
1995	3	2	3	5530
1996	0	0	0	29389
1996	0	0	1	3241
1996	0	0	2	1763
1996	0	0	3	1856
1996	0	1	1	19079
1996	0	1	3	101
1996	0	2	0	6780
1996	0	2	1	2221
1996	0	2	2	6988
1996	0	2	3	6642
1996	1	0	0	31540
1996	1	0	1	301
1996	1	0	2	2241
1996	1	0	3	1889
1996	1	1	1	17640
1996	1	1	3	90
1996	1	2	0	4443
1996	1	2	1	2011
1996	1	2	2	7953
1996	1	2	3	6637
1996	2	0	0	33367
1996	2	0	1	28
1996	2	0	2	1349
1996	2	0	3	2772
1996	2	1	1	13947
1996	2	1	3	61
1996	2	2	0	5858
1996	2	2	1	2011
1996	2	2	2	11878
1996	2	2	3	6358
1996	3	0	0	47541
1996	3	0	1	816
1996	3	0	2	1738
1996	3	0	3	1689
1996	3	1	1	15508
1996	3	1	3	75
1996	3	2	0	6532
1996	3	2	1	2011
1996	3	2	2	8986
1996	3	2	3	6259
1997	0	0	0	31095
1997	0	0	1	3042
1997	0	0	2	3369
1997	0	0	3	1837
1997	0	1	1	17823
1997	0	1	3	119
1997	0	2	0	6206
1997	0	2	1	351
1997	0	2	2	9322
1997	0	2	3	7102
1997	1	0	0	25900
1997	1	0	1	282
1997	1	0	2	4159
1997	1	0	3	1854
1997	1	1	1	15834
1997	1	1	3	557
1997	1	2	0	5290
1997	1	2	1	351
1997	1	2	2	10327
1997	1	2	3	7098
1997	2	0	0	34135
1997	2	0	1	26
1997	2	0	2	2734
1997	2	0	3	2707
1997	2	1	1	17542
1997	2	1	3	108
1997	2	2	0	5704
1997	2	2	1	351
1997	2	2	2	14415
1997	2	2	3	6824
1997	3	0	0	48300
1997	3	0	1	766
1997	3	0	2	3285
1997	3	0	3	1681
1997	3	1	1	16891
1997	3	1	3	141
1997	3	2	0	6583
1997	3	2	1	351
1997	3	2	2	11403
1997	3	2	3	6693
1998	0	0	0	29824
1998	0	0	1	4078
1998	0	0	2	2362
1998	0	0	3	2180
1998	0	1	1	20458
1998	0	1	3	112
1998	0	2	0	19710
1998	0	2	1	1977
1998	0	2	2	8958
1998	0	2	3	6265
1998	1	0	0	27771
1998	1	0	1	379
1998	1	0	2	2910
1998	1	0	3	2178
1998	1	1	1	14871
1998	1	1	3	146
1998	1	2	0	5570
1998	1	2	1	380
1998	1	2	2	9711
1998	1	2	3	6244
1998	2	0	0	34455
1998	2	0	1	35
1998	2	0	2	1827
1998	2	0	3	3298
1998	2	1	1	15409
1998	2	1	3	211
1998	2	2	0	5686
1998	2	2	1	380
1998	2	2	2	12774
1998	2	2	3	6070
1998	3	0	0	36648
1998	3	0	1	1027
1998	3	0	2	2318
1998	3	0	3	1929
1998	3	1	1	27050
1998	3	1	3	152
1998	3	2	0	8058
1998	3	2	1	709
1998	3	2	2	10517
1998	3	2	3	5964
1999	0	0	0	37396
1999	0	0	1	3833
1999	0	0	2	4676
1999	0	0	3	1894
1999	0	1	1	22121
1999	0	1	3	219
1999	0	2	0	9143
1999	0	2	1	1055
1999	0	2	2	12152
1999	0	2	3	6606
1999	1	0	0	36889
1999	1	0	1	356
1999	1	0	2	5454
1999	1	0	3	1905
1999	1	1	1	24847
1999	1	1	3	100
1999	1	2	0	7110
1999	1	2	1	396
1999	1	2	2	12937
1999	1	2	3	6620
1999	2	0	0	58104
1999	2	0	1	33
1999	2	0	2	4150
1999	2	0	3	2827
1999	2	1	1	24306
1999	2	1	3	133
1999	2	2	0	5736
1999	2	2	1	396
1999	2	2	2	16128
1999	2	2	3	6397
1999	3	0	0	55422
1999	3	0	1	965
1999	3	0	2	4648
1999	3	0	3	1722
1999	3	1	1	21024
1999	3	1	3	139
1999	3	2	0	6199
1999	3	2	1	396
1999	3	2	2	13777
1999	3	2	3	6256
2000	0	0	0	33239
2000	0	0	1	3610
2000	0	0	2	5812
2000	0	0	3	1780
2000	0	1	1	23521
2000	0	1	3	463
2000	0	2	0	7200
2000	0	2	1	361
2000	0	2	2	13204
2000	0	2	3	6862
2000	1	0	0	43610
2000	1	0	1	335
2000	1	0	2	6274
2000	1	0	3	1668
2000	1	1	1	18155
2000	1	1	3	209
2000	1	2	0	5484
2000	1	2	1	361
2000	1	2	2	13764
2000	1	2	3	6859
2000	2	0	0	53097
2000	2	0	1	31
2000	2	0	2	5303
2000	2	0	3	2809
2000	2	1	1	19305
2000	2	1	3	155
2000	2	2	0	5253
2000	2	2	1	361
2000	2	2	2	16038
2000	2	2	3	6750
2000	3	0	0	63579
2000	3	0	1	909
2000	3	0	2	5946
2000	3	0	3	1732
2000	3	1	1	17791
2000	3	1	3	80
2000	3	2	0	5638
2000	3	2	1	361
2000	3	2	2	14362
2000	3	2	3	6708
2001	0	0	0	30984
2001	0	0	1	3922
2001	0	0	2	6717
2001	0	0	3	1896
2001	0	1	1	22189
2001	0	1	3	91
2001	0	2	0	6150
2001	0	2	1	352
2001	0	2	2	12006
2001	0	2	3	6543
2001	1	0	0	26146
2001	1	0	1	268
2001	1	0	2	7004
2001	1	0	3	1713
2001	1	1	1	17097
2001	1	1	3	94
2001	1	2	0	4048
2001	1	2	1	352
2001	1	2	2	12566
2001	1	2	3	6523
2001	2	0	0	64690
2001	2	0	1	36
2001	2	0	2	6314
2001	2	0	3	2657
2001	2	1	1	20338
2001	2	1	3	921
2001	2	2	0	5112
2001	2	2	1	352
2001	2	2	2	14840
2001	2	2	3	6537
2001	3	0	0	58407
2001	3	0	1	811
2001	3	0	2	7530
2001	3	0	3	1786
2001	3	1	1	27182
2001	3	1	3	132
2001	3	2	0	5352
2001	3	2	1	352
2001	3	2	2	13241
2001	3	2	3	6314
2002	0	0	0	39298
2002	0	0	1	3648
2002	0	0	2	6629
2002	0	0	3	2093
2002	0	1	1	29266
2002	0	1	3	162
2002	0	2	0	10021
2002	0	2	1	305
2002	0	2	2	11295
2002	0	2	3	5976
2002	1	0	0	35208
2002	1	0	1	249
2002	1	0	2	6960
2002	1	0	3	1770
2002	1	1	1	26386
2002	1	1	3	101
2002	1	2	0	2428
2002	1	2	1	305
2002	1	2	2	11714
2002	1	2	3	5967
2002	2	0	0	88146
2002	2	0	1	33
2002	2	0	2	6247
2002	2	0	3	2439
2002	2	1	1	26531
2002	2	1	3	273
2002	2	2	0	2440
2002	2	2	1	305
2002	2	2	2	13856
2002	2	2	3	5868
2002	3	0	0	73091
2002	3	0	1	754
2002	3	0	2	6597
2002	3	0	3	2117
2002	3	1	1	31673
2002	3	1	3	931
2002	3	2	0	2350
2002	3	2	1	305
2002	3	2	2	12557
2002	3	2	3	5810
2003	0	0	0	54201
2003	0	0	1	4354
2003	0	0	2	9837
2003	0	0	3	2169
2003	0	1	1	28813
2003	0	1	3	126
2003	0	2	0	8710
2003	0	2	1	313
2003	0	2	2	15287
2003	0	2	3	6656
2003	1	0	0	21940
2003	1	0	1	177
2003	1	0	2	10146
2003	1	0	3	1835
2003	1	1	1	26844
2003	1	1	3	24
2003	1	2	0	2211
2003	1	2	1	313
2003	1	2	2	15721
2003	1	2	3	6808
2003	2	0	0	53374
2003	2	0	1	39
2003	2	0	2	9516
2003	2	0	3	2562
2003	2	1	1	22579
2003	2	1	3	219
2003	2	2	0	2836
2003	2	2	1	313
2003	2	2	2	18064
2003	2	2	3	6651
2003	3	0	0	79490
2003	3	0	1	714
2003	3	0	2	9941
2003	3	0	3	2190
2003	3	1	1	29286
2003	3	1	3	438
2003	3	2	0	3060
2003	3	2	1	313
2003	3	2	2	16453
2003	3	2	3	6391
2004	0	0	0	29790
2004	0	0	1	4907
2004	0	0	2	14401
2004	0	0	3	2300
2004	0	1	1	31026
2004	0	1	3	166
2004	0	2	0	10363
2004	0	2	1	369
2004	0	2	2	15848
2004	0	2	3	8123
2004	1	0	0	18073
2004	1	0	1	80
2004	1	0	2	14668
2004	1	0	3	1895
2004	1	1	1	19650
2004	1	1	3	36
2004	1	2	0	3010
2004	1	2	1	369
2004	1	2	2	16246
2004	1	2	3	7463
2004	2	0	0	44834
2004	2	0	1	60
2004	2	0	2	13895
2004	2	0	3	2736
2004	2	1	1	23610
2004	2	1	3	703
2004	2	2	0	2946
2004	2	2	1	369
2004	2	2	2	19299
2004	2	2	3	7060
2004	3	0	0	61585
2004	3	0	1	768
2004	3	0	2	14328
2004	3	0	3	2361
2004	3	1	1	30256
2004	3	1	3	4302
2004	3	2	0	2774
2004	3	2	1	369
2004	3	2	2	17303
2004	3	2	3	7132
2005	0	0	0	38175
2005	0	0	1	6945
2005	0	0	2	20663
2005	0	0	3	2589
2005	0	1	1	27975
2005	0	1	3	398
2005	0	2	0	4707
2005	0	2	1	323
2005	0	2	2	12490
2005	0	2	3	6262
2005	1	0	0	44270
2005	1	0	2	21308
2005	1	0	3	1780
2005	1	1	1	34401
2005	1	1	3	451
2005	1	2	0	4715
2005	1	2	1	323
2005	1	2	2	12490
2005	1	2	3	6408
2005	2	0	0	63640
2005	2	0	2	20460
2005	2	0	3	3431
2005	2	1	1	27548
2005	2	1	3	329
2005	2	2	0	4032
2005	2	2	1	323
2005	2	2	2	12490
2005	2	2	3	6409
2005	3	0	0	62341
2005	3	0	2	20947
2005	3	0	3	2307
2005	3	1	1	40488
2005	3	1	3	470
2005	3	2	0	4714
2005	3	2	1	323
2005	3	2	2	12490
2005	3	2	3	6397
2006	0	0	0	34205
2006	0	0	1	3554
2006	0	0	2	25644
2006	0	0	3	3017
2006	0	1	1	39502
2006	0	1	3	322
2006	0	2	0	6860
2006	0	2	1	391
2006	0	2	2	12711
2006	0	2	3	7320
2006	1	0	0	40405
2006	1	0	1	1366
2006	1	0	2	26223
2006	1	0	3	2967
2006	1	1	1	44547
2006	1	1	3	448
2006	1	2	0	4960
2006	1	2	1	391
2006	1	2	2	12711
2006	1	2	3	7419
2006	2	0	0	77851
2006	2	0	1	1609
2006	2	0	2	26133
2006	2	0	3	2940
2006	2	1	1	22138
2006	2	1	3	491
2006	2	2	0	4873
2006	2	2	1	391
2006	2	2	2	12711
2006	2	2	3	7411
2006	3	0	0	90279
2006	3	0	1	2606
2006	3	0	2	26678
2006	3	0	3	2932
2006	3	1	1	30543
2006	3	1	3	468
2006	3	2	0	5625
2006	3	2	1	391
2006	3	2	2	12711
2006	3	2	3	7388
2007	0	0	0	26496
2007	0	0	1	1909
2007	0	0	2	17686
2007	0	0	3	2880
2007	0	1	1	29496
2007	0	1	3	213
2007	0	2	0	6998
2007	0	2	1	457
2007	0	2	2	16111
2007	0	2	3	8458
2007	1	0	0	31126
2007	1	0	1	1741
2007	1	0	2	17656
2007	1	0	3	2874
2007	1	1	1	24119
2007	1	1	3	226
2007	1	2	0	6916
2007	1	2	1	457
2007	1	2	2	16111
2007	1	2	3	8537
2007	2	0	0	48779
2007	2	0	1	1726
2007	2	0	2	17643
2007	2	0	3	2866
2007	2	1	1	15500
2007	2	1	3	411
2007	2	2	0	5800
2007	2	2	1	457
2007	2	2	2	16111
2007	2	2	3	8670
2007	3	0	0	33453
2007	3	0	1	3592
2007	3	0	2	17652
2007	3	0	3	2905
2007	3	1	1	26692
2007	3	1	3	203
2007	3	2	0	7362
2007	3	2	1	457
2007	3	2	2	16111
2007	3	2	3	8308
2008	0	0	0	14777
2008	0	0	1	2281
2008	0	0	2	11806
2008	0	0	3	3247
2008	0	1	1	17001
2008	0	1	3	194
2008	0	2	0	9033
2008	0	2	1	593
2008	0	2	2	17628
2008	0	2	3	10596
2008	1	0	0	33005
2008	1	0	1	2401
2008	1	0	2	11777
2008	1	0	3	3276
2008	1	1	1	18879
2008	1	1	3	441
2008	1	2	0	7937
2008	1	2	1	593
2008	1	2	2	17628
2008	1	2	3	10928
2008	2	0	0	45678
2008	2	0	1	2728
2008	2	0	2	11764
2008	2	0	3	3262
2008	2	1	1	22712
2008	2	1	3	589
2008	2	2	0	7513
2008	2	2	1	593
2008	2	2	2	17628
2008	2	2	3	10534
2008	3	0	0	46699
2008	3	0	1	3558
2008	3	0	2	11774
2008	3	0	3	3264
2008	3	1	1	26992
2008	3	1	3	262
2008	3	2	0	8314
2008	3	2	1	593
2008	3	2	2	17628
2008	3	2	3	10534
2009	0	0	0	42650
2009	0	0	1	1764
2009	0	0	2	12287
2009	0	0	3	2604
2009	0	1	1	14848
2009	0	1	3	255
2009	0	2	0	9133
2009	0	2	1	607
2009	0	2	2	17356
2009	0	2	3	10558
2009	1	0	0	21240
2009	1	0	1	872
2009	1	0	2	12284
2009	1	0	3	2650
2009	1	1	1	14871
2009	1	1	3	329
2009	1	2	0	10522
2009	1	2	1	607
2009	1	2	2	17356
2009	1	2	3	10485
2009	2	0	0	53473
2009	2	0	1	1615
2009	2	0	2	12283
2009	2	0	3	2604
2009	2	1	1	14034
2009	2	1	3	231
2009	2	2	0	7540
2009	2	2	1	607
2009	2	2	2	17356
2009	2	2	3	10483
2009	3	0	0	34154
2009	3	0	1	3501
2009	3	0	2	12284
2009	3	0	3	2630
2009	3	1	1	21266
2009	3	1	3	357
2009	3	2	0	8767
2009	3	2	1	607
2009	3	2	2	17356
2009	3	2	3	10741
2010	0	0	0	42874
2010	0	0	1	4086
2010	0	0	2	6547
2010	0	0	3	2804
2010	0	1	1	20576
2010	0	1	3	340
2010	0	2	0	8675
2010	0	2	1	633
2010	0	2	2	18432
2010	0	2	3	11240
2010	1	0	0	26950
2010	1	0	1	868
2010	1	0	2	6524
2010	1	0	3	2832
2010	1	1	1	16048
2010	1	1	3	815
2010	1	2	0	8700
2010	1	2	1	633
2010	1	2	2	18432
2010	1	2	3	11281
2010	2	0	0	45474
2010	2	0	1	993
2010	2	0	2	6515
2010	2	0	3	2807
2010	2	1	1	16032
2010	2	1	3	430
2010	2	2	0	7541
2010	2	2	1	633
2010	2	2	2	18432
2010	2	2	3	11125
2010	3	0	0	34161
2010	3	0	1	2906
2010	3	0	2	6522
2010	3	0	3	2831
2010	3	1	1	18929
2010	3	1	3	552
2010	3	2	0	8656
2010	3	2	1	633
2010	3	2	2	18432
2010	3	2	3	11096
2011	0	0	0	40809
2011	0	0	1	4683
2011	0	0	2	5476
2011	0	0	3	2697
2011	0	1	1	17518
2011	0	1	3	3610
2011	0	2	0	8595
2011	0	2	1	2023
2011	0	2	2	17082
2011	0	2	3	11564
2011	1	0	0	24859
2011	1	0	1	1599
2011	1	0	2	5469
2011	1	0	3	2711
2011	1	1	1	10847
2011	1	1	3	479
2011	1	2	0	8102
2011	1	2	1	2023
2011	1	2	2	17082
2011	1	2	3	11429
2011	2	0	0	28294
2011	2	0	1	391
2011	2	0	2	5467
2011	2	0	3	2685
2011	2	1	1	10412
2011	2	1	3	372
2011	2	2	0	8326
2011	2	2	1	2023
2011	2	2	2	17082
2011	2	2	3	11288
2011	3	0	0	36588
2011	3	0	1	1630
2011	3	0	2	5469
2011	3	0	3	2707
2011	3	1	1	13712
2011	3	1	3	722
2011	3	2	0	8306
2011	3	2	1	2023
2011	3	2	2	17082
2011	3	2	3	11298
2012	0	0	0	30901
2012	0	0	1	2096
2012	0	0	2	7811
2012	0	0	3	3097
2012	0	1	1	8469
2012	0	1	3	304
2012	0	2	0	5796
2012	0	2	1	1553
2012	0	2	2	15192
2012	0	2	3	8732
2012	1	0	0	12662
2012	1	0	1	1766
2012	1	0	2	7804
2012	1	0	3	3085
2012	1	1	1	12360
2012	1	1	3	429
2012	1	2	0	5710
2012	1	2	1	1553
2012	1	2	2	15192
2012	1	2	3	8441
2012	2	0	0	20820
2012	2	0	1	1106
2012	2	0	2	7802
2012	2	0	3	3065
2012	2	1	1	9713
2012	2	1	3	502
2012	2	2	0	6293
2012	2	2	1	1553
2012	2	2	2	15192
2012	2	2	3	8336
2012	3	0	0	18035
2012	3	0	1	5261
2012	3	0	2	7804
2012	3	0	3	3084
2012	3	1	1	20592
2012	3	1	3	1022
2012	3	2	0	6344
2012	3	2	1	1553
2012	3	2	2	15192
2012	3	2	3	8323
