spawners_unfished.value	recruits_deviations(1985).value	recruits_deviations(1986).value	recruits_deviations(1987).value	recruits_deviations(1988).value	recruits_deviations(1989).value	recruits_deviations(1990).value	recruits_deviations(1991).value	recruits_deviations(1992).value	recruits_deviations(1993).value	recruits_deviations(1994).value	recruits_deviations(1995).value	recruits_deviations(1996).value	recruits_deviations(1997).value	recruits_deviations(1998).value	recruits_deviations(1999).value	recruits_deviations(2000).value	recruits_deviations(2001).value	recruits_deviations(2002).value	recruits_deviations(2003).value	recruits_deviations(2004).value	recruits_deviations(2005).value	recruits_deviations(2006).value	recruits_deviations(2007).value	recruits_deviations(2008).value	recruits_deviations(2009).value	recruits_deviations(2010).value	selectivities(1,0).value	selectivities(1,1).value	selectivities(1,2).value	selectivities(1,3).value	selectivities(1,4).value	selectivities(1,5).value	selectivities(1,6).value	selectivities(0,0).value	selectivities(0,1).value	selectivities(0,2).value	selectivities(0,3).value	selectivities(0,4).value	selectivities(0,5).value	selectivities(0,6).value	selectivities(3,0).value	selectivities(3,1).value	selectivities(3,2).value	selectivities(3,3).value	selectivities(3,4).value	selectivities(3,5).value	selectivities(3,6).value	selectivities(2,0).value	selectivities(2,1).value	selectivities(2,2).value	selectivities(2,3).value	selectivities(2,4).value	selectivities(2,5).value	selectivities(2,6).value	mortality_base.value	recruits_steepness.value
2279580	-0.858008	0.0470081	-0.036777	-0.93828	-0.690869	0.16094	-0.641328	-0.277481	0.144171	-0.025416	0.72499	0.59666	-0.0992446	0.869887	-0.0214203	-0.150684	1.04479	-0.128511	0.638927	1.02042	-1.00655	-1.03665	0.38963	0.607398	0.271844	-0.605455	0.007613	0.035337	0.216661	0.289662	0.341315	0.78289	0.317368	0.000118	0.008698	0.250142	0.782919	0.260773	0.021186	0.005596	0.000247	0.020593	0.155292	0.334284	0.512031	0.962256	0.773533	0.000247	0.020593	0.155292	0.334284	0.512031	0.962256	0.773533	0.7	0.7
1806960	-0.823542	-0.0842549	-0.0349649	-0.929307	-0.688316	0.118227	-0.524093	-0.28583	0.080287	-0.0944431	0.622012	0.544476	-0.125279	0.853366	0.040362	-0.16087	0.982989	-0.12246	0.687255	1.16377	-0.888343	-0.96269	0.361693	0.579424	0.248887	-0.558354	0.005473	0.023416	0.152277	0.22155	0.301486	0.909712	0.458271	0.000123	0.008014	0.23914	0.811827	0.362773	0.055995	0.019086	0.000268	0.012478	0.088336	0.202252	0.337608	0.91775	1	0.000268	0.012478	0.088336	0.202252	0.337608	0.91775	1	0.8	0.7
1590760	-0.753969	-0.141264	-0.0180097	-0.909718	-0.687511	0.0822315	-0.44928	-0.295018	0.0341476	-0.139029	0.545836	0.50861	-0.135319	0.837332	0.0912442	-0.155836	0.950007	-0.0987751	0.721281	1.26553	-0.937983	-0.91251	0.344031	0.546942	0.220153	-0.513128	0.003811	0.015718	0.108603	0.169024	0.254256	0.924479	0.546874	0.000129	0.007343	0.230093	0.835852	0.45882	0.115251	0.048207	0.000118	0.009264	0.068337	0.161844	0.266263	0.895129	1	0.000118	0.009264	0.068337	0.161844	0.266263	0.895129	1	0.9	0.7
2169810	-0.818826	0.0597543	-0.0330577	-0.932191	-0.698182	0.119365	-0.671387	-0.318398	0.0788083	-0.0910793	0.669904	0.567604	-0.0896675	0.881754	0.00542089	-0.123349	1.05873	-0.100441	0.682792	1.05131	-0.947432	-0.989061	0.395076	0.558775	0.26785	-0.584068	0.007627	0.035007	0.214099	0.286634	0.33945	0.786352	0.320388	0.000118	0.008695	0.249906	0.783761	0.263158	0.021557	0.005698	0.000249	0.020266	0.152293	0.329306	0.507628	0.962976	0.777859	0.000249	0.020266	0.152293	0.329306	0.507628	0.962976	0.777859	0.7	0.8
1714200	-0.777538	-0.0623147	-0.0279382	-0.921313	-0.696698	0.0716297	-0.559065	-0.326297	0.0136084	-0.164891	0.557009	0.506023	-0.117707	0.862557	0.0684797	-0.129274	0.996858	-0.0914391	0.730346	1.19449	-0.827274	-0.910763	0.371353	0.527497	0.244862	-0.532203	0.005473	0.023148	0.150166	0.218724	0.298928	0.910212	0.461272	0.000123	0.008011	0.238917	0.812551	0.365837	0.057091	0.019513	0.000271	0.01235	0.086893	0.199712	0.334685	0.916752	1	0.000271	0.01235	0.086893	0.199712	0.334685	0.916752	1	0.8	0.8
1511350	-0.709573	-0.115571	-0.0108225	-0.90212	-0.697021	0.0319762	-0.489089	-0.335203	-0.0306148	-0.207746	0.480007	0.467584	-0.128366	0.845718	0.119295	-0.122308	0.964744	-0.0663412	0.76324	1.29661	-0.87813	-0.861292	0.355963	0.495702	0.217623	-0.484268	0.003819	0.015594	0.107515	0.167464	0.252709	0.92494	0.549641	0.000129	0.00734	0.229918	0.836404	0.461728	0.11707	0.049103	0.000121	0.009232	0.067621	0.160605	0.264999	0.894798	1	0.000121	0.009232	0.067621	0.160605	0.264999	0.894798	1	0.9	0.8
2093060	-0.787805	0.072117	-0.0286686	-0.925876	-0.702044	0.0870086	-0.696629	-0.350704	0.0256567	-0.144742	0.624906	0.544497	-0.0809572	0.892082	0.0269567	-0.100754	1.07007	-0.0781915	0.715002	1.07555	-0.903373	-0.954438	0.400373	0.520045	0.265709	-0.56579	0.007637	0.034799	0.212473	0.284718	0.33826	0.788593	0.322351	0.000118	0.008695	0.249753	0.784291	0.264768	0.021826	0.005774	0.000253	0.020083	0.150304	0.325948	0.504561	0.963519	0.781112	0.000253	0.020083	0.150304	0.325948	0.504561	0.963519	0.781112	0.7	0.9
1649660	-0.742138	-0.0435362	-0.0213767	-0.913668	-0.701249	0.03455	-0.589028	-0.358622	-0.0408316	-0.22223	0.504278	0.475511	-0.110229	0.871406	0.0912822	-0.103208	1.0089	-0.0665338	0.76247	1.2192	-0.781996	-0.873063	0.380348	0.486557	0.243035	-0.509831	0.005473	0.022983	0.148867	0.216992	0.297346	0.910529	0.463175	0.000123	0.00801	0.238778	0.812992	0.367848	0.057873	0.019828	0.000276	0.012293	0.085975	0.198066	0.332698	0.916092	1	0.000276	0.012293	0.085975	0.198066	0.332698	0.916092	1	0.8	0.9
1456410	-0.675894	-0.0945345	-0.00437406	-0.894773	-0.702171	-0.00790717	-0.522674	-0.367094	-0.083174	-0.263276	0.427133	0.43522	-0.1213	0.854123	0.142046	-0.0949712	0.977594	-0.0404369	0.794626	1.32158	-0.834045	-0.824404	0.366561	0.455355	0.216847	-0.460056	0.003824	0.015522	0.106876	0.166553	0.251797	0.925218	0.551307	0.000129	0.007339	0.229814	0.836722	0.463553	0.118342	0.049754	0.000124	0.009229	0.067189	0.159836	0.264157	0.894568	1	0.000124	0.009229	0.067189	0.159836	0.264157	0.894568	1	0.9	0.9
2362620	0	0	0	0	0	0	0	0	0	0	0	0	0	0	0	0	0	0	0	1.08207	-0.579713	-1.00307	0.296508	0.54318	0.182528	-0.521496	0.007402	0.036096	0.224177	0.308906	0.354956	0.708282	0.242458	0.000117	0.008859	0.249308	0.788157	0.275011	0.025438	0.007137	0.008285	0.044345	0.168518	0.345752	0.502861	0.972718	0.836309	0.008285	0.044345	0.168518	0.345752	0.502861	0.972718	0.836309	0.7	0.7
1981430	0	0	0	0	0	0	0	0	0	0	0	0	0	0	0	0	0	0	0	1.17496	-0.544954	-0.996359	0.241546	0.497471	0.146012	-0.518681	0.00529	0.025055	0.166969	0.248106	0.321648	0.806748	0.334927	0.000122	0.008162	0.239959	0.811568	0.360865	0.061875	0.022705	0.037543	0.035059	0.11306	0.241768	0.370892	0.928243	1	0.037543	0.035059	0.11306	0.241768	0.370892	0.928243	1	0.8	0.7
1766600	0	0	0	0	0	0	0	0	0	0	0	0	0	0	0	0	0	0	0	1.25327	-0.547511	-0.97901	0.210281	0.457464	0.11314	-0.507636	0.004044	0.018756	0.132902	0.210231	0.299372	0.894414	0.432	0.000127	0.007497	0.232007	0.832814	0.444406	0.12559	0.057721	0.003115	0.022918	0.094234	0.203718	0.311455	0.907221	1	0.003115	0.022918	0.094234	0.203718	0.311455	0.907221	1	0.9	0.7
2254840	0	0	0	0	0	0	0	0	0	0	0	0	0	0	0	0	0	0	0	1.10462	-0.568285	-0.966871	0.295326	0.480844	0.167498	-0.513136	0.007348	0.035683	0.221526	0.305415	0.352829	0.709547	0.242856	0.000117	0.00883	0.249055	0.78912	0.276811	0.025483	0.007108	0.0051	0.039618	0.16482	0.340012	0.498151	0.973527	0.841164	0.0051	0.039618	0.16482	0.340012	0.498151	0.973527	0.841164	0.7	0.8
1889260	0	0	0	0	0	0	0	0	0	0	0	0	0	0	0	0	0	0	0	1.19424	-0.527255	-0.954103	0.243162	0.430032	0.126578	-0.512655	0.005234	0.024724	0.164844	0.245081	0.319622	0.810018	0.337621	0.000122	0.00814	0.239703	0.81245	0.363374	0.062113	0.022674	0.005665	0.028039	0.111096	0.23703	0.366364	0.928047	1	0.005665	0.028039	0.111096	0.23703	0.366364	0.928047	1	0.8	0.8
1689080	0	0	0	0	0	0	0	0	0	0	0	0	0	0	0	0	0	0	0	1.26647	-0.524053	-0.932349	0.212822	0.388728	0.0926556	-0.504269	0.003988	0.01849	0.131286	0.207855	0.297696	0.898893	0.436774	0.000127	0.007483	0.231775	0.833524	0.447308	0.126574	0.058037	0.002092	0.020599	0.091561	0.200132	0.308927	0.906689	1	0.002092	0.020599	0.091561	0.200132	0.308927	0.906689	1	0.9	0.8
2179790	0	0	0	0	0	0	0	0	0	0	0	0	0	0	0	0	0	0	0	1.11918	-0.561263	-0.938775	0.296121	0.432181	0.159111	-0.506551	0.007298	0.03537	0.219671	0.302977	0.351329	0.710463	0.243158	0.000117	0.008811	0.248888	0.789768	0.277893	0.025444	0.00706	0.003622	0.036467	0.162056	0.335938	0.494974	0.973992	0.84395	0.003622	0.036467	0.162056	0.335938	0.494974	0.973992	0.84395	0.7	0.9
1825470	0	0	0	0	0	0	0	0	0	0	0	0	0	0	0	0	0	0	0	1.20642	-0.515799	-0.921518	0.246305	0.377235	0.115047	-0.507689	0.005182	0.024468	0.16335	0.242983	0.318208	0.81244	0.339668	0.000122	0.008124	0.23952	0.81306	0.364948	0.062105	0.022562	0.003743	0.025419	0.108754	0.233603	0.363646	0.927272	1	0.003743	0.025419	0.108754	0.233603	0.363646	0.927272	1	0.8	0.9
1634640	0	0	0	0	0	0	0	0	0	0	0	0	0	0	0	0	0	0	0	1.27528	-0.507706	-0.89898	0.216633	0.334827	0.080207	-0.500262	0.003941	0.018286	0.130129	0.206181	0.296508	0.902231	0.440385	0.000127	0.007472	0.231595	0.834048	0.44929	0.127014	0.058082	0.001547	0.018979	0.089551	0.197418	0.306887	0.906243	1	0.001547	0.018979	0.089551	0.197418	0.306887	0.906243	1	0.9	0.9
2000390	-0.356443	0.0152583	0.0211417	-0.687847	-0.605033	-0.101475	-0.597736	-0.3895	0.0456153	-0.189545	0.346252	0.298423	-0.155822	0.527476	0.191828	-0.149402	0.845457	-0.0779854	1.75431	0.849681	-1.93581	-1.16588	0.772012	0.938701	0.463032	-0.656715	0.006502	0.012624	0.078178	0.110578	0.145615	0.960959	1	0.000123	0.006656	0.213946	0.897744	0.290807	0.002012	0.000117	0.000127	0.008209	0.070296	0.170678	0.297504	0.940141	1	0.000127	0.008209	0.070296	0.170678	0.297504	0.940141	1	0.7	0.7
1614150	-0.384465	-0.0833676	0.0296734	-0.650176	-0.548845	-0.0641607	-0.489133	-0.344144	0.0390984	-0.186706	0.320009	0.307778	-0.146287	0.536115	0.202695	-0.158219	0.751395	-0.209075	1.61391	1.14604	-1.94803	-1.03337	0.72996	0.862453	0.368532	-0.661687	0.007683	0.009328	0.052774	0.08105	0.104272	0.952532	1	0.000123	0.006487	0.204699	0.909474	0.477266	0.008011	0.000604	2.4e-05	0.004722	0.037348	0.097701	0.139056	0.840303	1	2.4e-05	0.004722	0.037348	0.097701	0.139056	0.840303	1	0.8	0.7
1429000	-0.354378	-0.131097	0.0367842	-0.609661	-0.509945	-0.0541473	-0.424071	-0.330138	0.0148406	-0.198786	0.280937	0.294247	-0.143029	0.532006	0.211146	-0.143734	0.709323	-0.210659	1.54227	1.28675	-2.09544	-0.972279	0.722486	0.814454	0.313157	-0.581041	0.007019	0.006991	0.03856	0.064067	0.081917	0.946623	1	0.000127	0.005898	0.194286	0.919704	0.675644	0.023031	0.00226	2.4e-05	0.006491	0.037672	0.08934	0.090969	0.801559	1	2.4e-05	0.006491	0.037672	0.08934	0.090969	0.801559	1	0.9	0.7
1905770	-0.293562	0.0520938	0.042742	-0.65974	-0.589729	-0.124234	-0.619051	-0.428789	-0.0273096	-0.261078	0.268513	0.230994	-0.178791	0.497257	0.177559	-0.143146	0.827773	-0.0560691	1.75353	0.901753	-1.86027	-1.11701	0.79717	0.918026	0.489821	-0.598457	0.006651	0.012689	0.078095	0.110432	0.145393	0.960917	1	0.000123	0.006687	0.214028	0.897754	0.291979	0.00203	0.000118	0.000149	0.008478	0.070043	0.169951	0.296491	0.939471	1	0.000149	0.008478	0.070043	0.169951	0.296491	0.939471	1	0.7	0.8
1533310	-0.322207	-0.0432732	0.0491784	-0.625616	-0.538438	-0.0911284	-0.51503	-0.382281	-0.0298646	-0.255857	0.243351	0.240528	-0.168562	0.508633	0.192662	-0.148458	0.737055	-0.189753	1.62055	1.18068	-1.8722	-0.981691	0.755958	0.834139	0.397325	-0.595698	0.007816	0.009343	0.052581	0.080741	0.103779	0.952412	1	0.000123	0.006506	0.204717	0.909502	0.479545	0.008126	0.000614	2.5e-05	0.004818	0.037428	0.097663	0.13869	0.840045	1	2.5e-05	0.004818	0.037428	0.097663	0.13869	0.840045	1	0.8	0.8
1293780	-0.291949	-0.0854403	0.0713372	-0.570983	-0.485967	-0.0573822	-0.414564	-0.331938	-0.0140942	-0.236348	0.231265	0.255056	-0.147044	0.511762	0.190533	-0.19928	0.448154	-0.753288	1.82284	1.30395	-1.94601	-0.863966	0.796915	0.819225	0.39036	-0.44315	0.007874	0.007217	0.037843	0.062102	0.078242	0.945465	1	0.000126	0.006006	0.195022	0.919207	0.688613	0.02438	0.002413	1.8e-05	0.006288	0.034357	0.083302	0.076466	0.786713	1	1.8e-05	0.006288	0.034357	0.083302	0.076466	0.786713	1	0.9	0.8
1840310	-0.247868	0.0826049	0.0635081	-0.636421	-0.574682	-0.13636	-0.634936	-0.457535	-0.0838795	-0.319325	0.205432	0.176152	-0.197273	0.476282	0.167275	-0.138259	0.816254	-0.0415029	1.75447	0.941444	-1.8082	-1.08204	0.817428	0.90287	0.511471	-0.556909	0.006723	0.012737	0.078149	0.110477	0.145407	0.960916	1	0.000122	0.006712	0.214134	0.897662	0.292587	0.002042	0.000119	0.00017	0.008715	0.069959	0.169512	0.295583	0.938343	1	0.00017	0.008715	0.069959	0.169512	0.295583	0.938343	1	0.7	0.9
1477600	-0.276183	-0.0109449	0.0679759	-0.604552	-0.526819	-0.107664	-0.534898	-0.410914	-0.0843368	-0.312334	0.180769	0.185406	-0.18615	0.489617	0.185925	-0.140256	0.727892	-0.175989	1.6257	1.20862	-1.8187	-0.94478	0.776872	0.812759	0.42039	-0.547398	0.007881	0.009354	0.052505	0.080609	0.103522	0.952348	1	0.000123	0.006523	0.204782	0.909442	0.480777	0.008224	0.000625	2.7e-05	0.004911	0.037561	0.097732	0.138405	0.839826	1	2.7e-05	0.004911	0.037561	0.097732	0.138405	0.839826	1	0.8	0.9
1313710	-0.251602	-0.057042	0.0731703	-0.568846	-0.492428	-0.0997312	-0.473649	-0.392774	-0.0990194	-0.315656	0.150135	0.178099	-0.179376	0.491561	0.200104	-0.1216	0.692298	-0.177926	1.55729	1.33808	-1.9748	-0.887893	0.764477	0.750811	0.363219	-0.466899	0.007133	0.007007	0.038426	0.063836	0.081507	0.946496	1	0.000127	0.005921	0.19435	0.919631	0.678911	0.023501	0.002321	2.9e-05	0.006874	0.038176	0.089745	0.090757	0.801273	1	2.9e-05	0.006874	0.038176	0.089745	0.090757	0.801273	1	0.9	0.9
2189560	0	0	0	0	0	0	0	0	0	0	0	0	0	0	0	0	0	0	0	1.21875	-0.708187	-1.17603	0.459016	0.641326	0.15351	-0.588389	0.00461	0.015104	0.105166	0.163705	0.225974	0.963207	0.779243	0.000114	0.007743	0.218954	0.890075	0.318734	0.004392	0.000376	0.094423	0.097071	0.117334	0.203838	0.245156	0.881777	1	0.094423	0.097071	0.117334	0.203838	0.245156	0.881777	1	0.7	0.7
1858590	0	0	0	0	0	0	0	0	0	0	0	0	0	0	0	0	0	0	0	1.29738	-0.726815	-1.14317	0.436768	0.612294	0.100861	-0.577312	0.003249	0.009452	0.068287	0.114888	0.167906	0.964894	1	0.000116	0.007442	0.211838	0.898382	0.495846	0.020503	0.002756	0.120419	0.111411	0.090418	0.152646	0.151607	0.838959	1	0.120419	0.111411	0.090418	0.152646	0.151607	0.838959	1	0.8	0.7
1681620	0	0	0	0	0	0	0	0	0	0	0	0	0	0	0	0	0	0	0	1.36668	-0.790917	-1.1095	0.439189	0.583911	0.0600627	-0.549422	0.002523	0.006772	0.049069	0.088394	0.130561	0.958362	1	0.000121	0.006788	0.202862	0.905988	0.672818	0.054268	0.009439	0.124355	0.115305	0.092092	0.140409	0.116812	0.816779	1	0.124355	0.115305	0.092092	0.140409	0.116812	0.816779	1	0.9	0.7
2093570	0	0	0	0	0	0	0	0	0	0	0	0	0	0	0	0	0	0	0	1.23217	-0.710919	-1.1396	0.461655	0.576023	0.152103	-0.571424	0.004516	0.015178	0.105576	0.163566	0.225994	0.962092	0.772552	0.000115	0.007608	0.21826	0.891078	0.32032	0.004232	0.000351	0.065828	0.07011	0.108681	0.198766	0.243332	0.881981	1	0.065828	0.07011	0.108681	0.198766	0.243332	0.881981	1	0.7	0.8
1771210	0	0	0	0	0	0	0	0	0	0	0	0	0	0	0	0	0	0	0	1.31136	-0.727206	-1.09829	0.439146	0.539683	0.0953419	-0.560032	0.003118	0.009472	0.068577	0.114694	0.167682	0.964886	1	0.000117	0.007305	0.211036	0.899538	0.499888	0.01985	0.002586	0.068044	0.069628	0.082028	0.148734	0.152353	0.840688	1	0.068044	0.069628	0.082028	0.148734	0.152353	0.840688	1	0.8	0.8
1604460	0	0	0	0	0	0	0	0	0	0	0	0	0	0	0	0	0	0	0	1.37456	-0.779611	-1.06256	0.44074	0.506847	0.0550702	-0.535046	0.0024	0.006751	0.049123	0.08806	0.129964	0.958254	1	0.000122	0.006693	0.202189	0.906837	0.679941	0.053697	0.009151	0.077353	0.078103	0.084562	0.137748	0.117603	0.818297	1	0.077353	0.078103	0.084562	0.137748	0.117603	0.818297	1	0.9	0.8
2026940	0	0	0	0	0	0	0	0	0	0	0	0	0	0	0	0	0	0	0	1.24046	-0.715703	-1.11228	0.46596	0.526959	0.155984	-0.561371	0.00441	0.01516	0.105757	0.163419	0.225967	0.961266	0.767597	0.000116	0.007519	0.217809	0.891666	0.320533	0.004095	0.000332	0.052773	0.056664	0.102742	0.195221	0.242482	0.882253	1	0.052773	0.056664	0.102742	0.195221	0.242482	0.882253	1	0.7	0.9
1712560	0	0	0	0	0	0	0	0	0	0	0	0	0	0	0	0	0	0	0	1.31555	-0.724027	-1.06489	0.443701	0.484632	0.0959977	-0.55097	0.002964	0.009393	0.068611	0.114532	0.167535	0.964874	1	0.000118	0.007216	0.210499	0.900128	0.50205	0.019501	0.002498	0.05087	0.054006	0.076899	0.146109	0.152322	0.841322	1	0.05087	0.054006	0.076899	0.146109	0.152322	0.841322	1	0.8	0.9
1551340	0	0	0	0	0	0	0	0	0	0	0	0	0	0	0	0	0	0	0	1.37591	-0.768428	-1.02923	0.444546	0.447882	0.0558656	-0.526546	0.002246	0.006651	0.049028	0.087898	0.129814	0.958228	1	0.000122	0.00662	0.201624	0.907336	0.683995	0.053437	0.00901	0.058979	0.061953	0.079745	0.136109	0.117881	0.818968	1	0.058979	0.061953	0.079745	0.136109	0.117881	0.818968	1	0.9	0.9
3830110	0.20785	0.345563	0.179482	0.0512787	0.217562	0.203189	0.201447	0.260598	0.134014	0.0484106	-0.0335267	-0.0332097	0.15765	0.349625	0.28066	0.235557	-0.151927	2.78667	-1.04474	-2.02827	-3.10832	-1.10965	1.10299	1.36002	0.515955	-1.12888	0.128279	0.000676	0.03614	0.013352	3e-05	0.755561	1	0.086613	1.2e-05	0.003136	0.143279	0.02246	0	0	0.13044	0	0.000141	9e-06	0.001316	0.063482	0.010987	0.13044	0	0.000141	9e-06	0.001316	0.063482	0.010987	0.7	0.7
2452240	0.116072	0.274249	0.141504	0.00896948	0.168615	0.160005	0.165051	0.215399	0.107297	0.0193917	-0.0534154	-0.0509272	0.14404	0.347333	0.218014	-0.0909774	-0.537164	0.874314	2.09114	-1.62653	-2.70725	-1.07524	0.910221	1.02852	0.1573	-1.00593	0.002705	0.00102	4e-06	0.075296	2e-06	0.684324	1	0.13044	1e-06	0.000552	0.007036	0.028197	0	0	0.000469	0.000193	0	0.000195	0	0.269647	1	0.000469	0.000193	0	0.000195	0	0.269647	1	0.8	0.7
1980560	0.0439371	0.253798	0.151031	0.0164275	0.198289	0.173289	0.26359	0.192343	0.214838	-0.170305	0.134439	-0.595666	0.669684	0.380157	0.468725	0.476451	0.11334	-0.253931	2.24623	-1.35817	-2.90843	-0.215077	1.4852	-1.61044	0.781315	-1.15107	0.130441	4e-06	0	0.047127	1e-06	0.60989	0.946257	0.13044	3e-06	0.001164	0.018028	0.031229	0	0	0.622297	0.977636	0.435827	0.003787	0	0.082135	0.268407	0.622297	0.977636	0.435827	0.003787	0	0.082135	0.268407	0.9	0.7
4156620	0.239903	0.357389	0.219892	0.0820445	0.260957	0.254041	0.229345	0.314124	0.176989	-0.0100325	-0.248792	-0.23796	1.12122	-1.37266	0.568455	0.214996	-0.123327	2.72755	-0.95756	-1.98921	-3.09835	-0.886878	1.17042	1.36956	0.590289	-0.972412	0.017281	0.00287	0.02465	0.01672	4.3e-05	0.76806	1	0.040857	2e-06	0.000409	0.171441	0.021411	0	0	0.016294	1	0.013633	0.000111	0	0.018348	0.060742	0.016294	1	0.013633	0.000111	0	0.018348	0.060742	0.7	0.8
1856760	0.496587	0.244563	0.0768168	0.383141	-0.145454	0.563242	0.413331	0.20306	0.244701	0.361736	-0.766498	-0.828646	1.09734	0.0984599	-0.936121	0.939278	0.47369	0.0339652	-0.598826	1.3776	-2.51309	-0.661602	0.916355	-0.780407	0.500669	-1.19389	1.7e-05	6e-06	6.3e-05	0.04094	2e-06	0.852105	1	0.13044	2e-06	0.000905	0.002644	0.092622	2e-06	0	0.580689	0.955726	0.431539	0.003258	1e-06	0.264376	0.844424	0.580689	0.955726	0.431539	0.003258	1e-06	0.264376	0.844424	0.8	0.8
1986660	0.0940262	0.271449	0.132009	0.00982394	0.156944	0.150128	0.156174	0.213865	0.107033	0.0267153	-0.059315	-0.0616329	0.119642	0.290371	0.0149431	-0.0455091	-0.00460674	0.0898854	2.28405	-1.60524	-2.91954	-0.707761	1.10595	0.967659	0.0670939	-0.854149	0.130442	0.000296	4e-06	0.041394	3e-06	0.486453	0.681726	0.029667	6e-06	0.001456	0.064883	0.066581	0	0	0.130441	2e-06	0.003479	0.0016	0	0.157712	0.546266	0.130441	2e-06	0.003479	0.0016	0	0.157712	0.546266	0.9	0.8
3288080	0.252693	0.359857	0.208608	0.0820863	0.232877	0.217092	0.208985	0.269361	-0.00495074	-0.750455	-1.43131	0.485651	0.0974394	0.394977	0.346474	0.332658	0.0233709	2.91534	-0.873278	-1.86765	-2.93942	-0.963619	1.21772	1.44007	0.728961	-0.983534	0.028811	1.9e-05	0.047884	0.009969	1e-06	0.634702	1	0.13044	2e-06	0.000632	0.030415	0.004741	0	0	0.000124	1e-06	0.000214	6.1e-05	0.023873	0.803484	0.133977	0.000124	1e-06	0.000214	6.1e-05	0.023873	0.803484	0.133977	0.7	0.9
2294330	0.122437	0.270225	0.155615	0.0198687	0.170571	0.178564	0.170821	0.233145	0.141946	0.0355178	-0.0288599	-0.101313	0.263562	0.0749317	-0.560547	0.586809	-0.10748	-0.188833	2.24725	-1.46381	-2.59864	-1.00385	0.954724	1.0171	0.310842	-0.900596	0.024651	0.000996	3e-06	0.073346	1e-06	0.660562	1	0.13044	2e-06	0.000678	0.007439	0.027596	0	0	0.067665	0.306235	3.3e-05	0.000158	0	0.094812	0.337901	0.067665	0.306235	3.3e-05	0.000158	0	0.094812	0.337901	0.8	0.9
2373190	0.204618	0.00962553	-0.534071	0.0110574	0.382617	0.239401	0.264296	0.31299	0.206173	0.121184	0.043626	0.0647331	0.26751	0.431043	0.337393	0.176376	-0.0652222	-0.0507997	1.9585	-0.566862	-2.41698	-0.822689	1.3062	-1.65247	0.641191	-0.869439	1e-06	3e-04	0.005029	0.039504	1e-06	0.634649	1	0.13044	1e-06	0.000572	0.001053	0.092952	5e-06	0	0.595745	0.977196	0.335192	0.001512	2e-06	0.097467	0.261558	0.595745	0.977196	0.335192	0.001512	2e-06	0.097467	0.261558	0.9	0.9
2943940	0	0	0	0	0	0	0	0	0	0	0	0	0	0	0	0	0	0	0	1.07055	-1.36062	-0.70952	0.755632	0.526881	0.114415	-0.397337	0.112521	0.001533	6.3e-05	0.092366	5e-06	0.688244	1	0	0	0	0.537278	0.014892	0	0	0.088752	1	0.037897	0.000152	0.000261	0.196021	0.126745	0.088752	1	0.037897	0.000152	0.000261	0.196021	0.126745	0.7	0.7
2153950	0	0	0	0	0	0	0	0	0	0	0	0	0	0	0	0	0	0	0	1.15111	-1.15236	-0.648336	0.675973	0.173675	0.120194	-0.320252	7e-06	2e-06	8.2e-05	0.040013	1e-06	0.646753	1	0.13044	2e-06	0.001019	0.003099	0.069557	1e-06	0	0.73069	0.989757	0.352152	0.003313	1e-06	0.188357	0.596851	0.73069	0.989757	0.352152	0.003313	1e-06	0.188357	0.596851	0.8	0.7
1893690	0	0	0	0	0	0	0	0	0	0	0	0	0	0	0	0	0	0	0	1.17894	-1.02131	-0.696905	0.771764	0.0336454	-0.000970014	-0.265161	1e-05	3e-06	6.8e-05	0.031066	1e-06	0.644313	1	0.13044	0	5.6e-05	0.000226	0.178792	0.000283	1.7e-05	0.848341	0.983908	0.268161	0.002408	1e-06	0.265442	0.813858	0.848341	0.983908	0.268161	0.002408	1e-06	0.265442	0.813858	0.9	0.7
2744370	0	0	0	0	0	0	0	0	0	0	0	0	0	0	0	0	0	0	0	1.17218	-1.33514	-0.473836	0.840386	-0.052434	0.241272	-0.392428	0.059293	0.001155	2e-05	0.047636	5e-06	0.84974	0.098439	0	0	0	0.520444	0.016359	0	0	0.617198	0.978003	0.391527	0.002478	0	0.087975	0.265643	0.617198	0.978003	0.391527	0.002478	0	0.087975	0.265643	0.7	0.8
1841720	0	0	0	0	0	0	0	0	0	0	0	0	0	0	0	0	0	0	0	1.18393	-1.02408	-0.656906	0.792607	-0.149221	0.137339	-0.283666	2.7e-05	3e-06	0.000105	0.031349	1e-06	0.639699	1	0.13044	0	0.000277	0.000235	0.188453	0.00011	7e-06	0.617883	0.977245	0.429064	0.003474	0	0.272036	0.913951	0.617883	0.977245	0.429064	0.003474	0	0.272036	0.913951	0.8	0.8
2038530	0	0	0	0	0	0	0	0	0	0	0	0	0	0	0	0	0	0	0	1.20245	-1.31229	-0.439429	0.789404	0.123896	0.00308964	-0.367124	0.047479	0.001264	0	0.045946	1e-06	0.644536	1	0.13044	3e-06	0.001003	0.026025	0.020423	0	0	0.688741	0.985579	0.365709	0.002913	0	0.159997	0.533627	0.688741	0.985579	0.365709	0.002913	0	0.159997	0.533627	0.9	0.8
2494360	0	0	0	0	0	0	0	0	0	0	0	0	0	0	0	0	0	0	0	1.15976	-1.05756	-0.933094	0.60119	0.470256	0.128748	-0.369302	3.4e-05	2e-06	0.000237	0.079809	0.000113	0.731194	1	0.119431	9e-06	0.002186	0.148665	0.022109	0	0	0.173008	0.965033	0.167437	0.000341	0.000162	0.153423	0.275115	0.173008	0.965033	0.167437	0.000341	0.000162	0.153423	0.275115	0.7	0.9
2052860	0	0	0	0	0	0	0	0	0	0	0	0	0	0	0	0	0	0	0	1.20889	-1.09375	-0.701763	0.606068	0.343076	0.052004	-0.414528	2e-05	3e-06	0.000169	0.054628	1e-06	0.632493	1	0.13044	2e-06	0.001032	0.010097	0.030459	0	0	0.536908	0.971457	0.308154	0.000915	3.8e-05	0.221551	0.48466	0.536908	0.971457	0.308154	0.000915	3.8e-05	0.221551	0.48466	0.8	0.9
1865210	0	0	0	0	0	0	0	0	0	0	0	0	0	0	0	0	0	0	0	1.2297	-1.1014	-0.617898	0.696418	0.0131427	0.0797436	-0.299702	1.3e-05	3e-06	0.000151	0.037741	1e-06	0.634392	1	0.13044	1e-06	0.000613	0.002065	0.09582	3e-06	0	0.608363	0.976612	0.419071	0.003025	0	0.215091	0.734423	0.608363	0.976612	0.419071	0.003025	0	0.215091	0.734423	0.9	0.9
2128430	-0.919328	-0.0677097	-0.0779954	-0.955957	-0.694344	0.151494	-0.605017	-0.26992	0.131596	-0.0451827	0.694941	0.578847	-0.123553	0.86743	-0.016475	-0.147096	1.05053	-0.075164	0.592566	0.898138	-0.610175	-0.985886	0.386045	0.603793	0.263032	-0.624607	0.007351	0.032656	0.202363	0.277032	0.333958	0.808091	0.342928	0.000119	0.008585	0.246901	0.789146	0.288899	0.030402	0.008997	0.000389	0.019125	0.131094	0.290039	0.458652	0.98015	0.880899	0.000389	0.019125	0.131094	0.290039	0.458652	0.98015	0.880899	0.7	0.7
1755110	-0.85838	-0.170074	-0.0683819	-0.940276	-0.691151	0.114722	-0.493176	-0.273448	0.0790623	-0.101318	0.601345	0.532273	-0.140848	0.848212	0.0433328	-0.152368	0.993185	-0.0656181	0.659214	1.05475	-0.617863	-0.937874	0.355377	0.568029	0.234595	-0.57332	0.005178	0.021827	0.144161	0.213823	0.294915	0.911415	0.468489	0.000124	0.007879	0.23663	0.816548	0.38982	0.075399	0.028647	0.000285	0.012152	0.081323	0.188764	0.310831	0.908432	1	0.000285	0.012152	0.081323	0.188764	0.310831	0.908432	1	0.8	0.7
1562580	-0.777111	-0.211877	-0.047847	-0.919042	-0.69273	0.0782991	-0.425542	-0.285385	0.0335832	-0.143091	0.52823	0.497793	-0.148228	0.83	0.0906106	-0.149556	0.955307	-0.0555859	0.706389	1.17185	-0.701271	-0.887968	0.340373	0.532929	0.204983	-0.525114	0.003589	0.014876	0.104738	0.165971	0.252286	0.924476	0.546857	0.00013	0.007208	0.228102	0.840009	0.483499	0.147385	0.067998	0.000138	0.009478	0.066524	0.158646	0.257667	0.892029	1	0.000138	0.009478	0.066524	0.158646	0.257667	0.892029	1	0.9	0.7
2007650	-0.87259	-0.0518052	-0.0721954	-0.949026	-0.703082	0.107031	-0.634193	-0.310808	0.0637997	-0.116059	0.632129	0.543263	-0.115243	0.877969	0.0128902	-0.11709	1.0649	-0.043745	0.642667	0.931943	-0.547135	-0.937677	0.389938	0.548752	0.257342	-0.601977	0.007357	0.032215	0.199063	0.273104	0.33156	0.813082	0.347574	0.000119	0.008582	0.246575	0.790224	0.292657	0.031358	0.009326	0.000405	0.018837	0.127913	0.284638	0.453601	0.981514	0.889086	0.000405	0.018837	0.127913	0.284638	0.453601	0.981514	0.889086	0.7	0.8
1657870	-0.808479	-0.144731	-0.0604015	-0.933191	-0.702206	0.0646978	-0.529858	-0.314645	0.0115677	-0.173556	0.532819	0.489753	-0.134591	0.856171	0.0722953	-0.119491	1.00811	-0.0318411	0.707159	1.08771	-0.555094	-0.881528	0.364186	0.512897	0.229215	-0.546969	0.005176	0.021539	0.141879	0.210713	0.292105	0.911988	0.471925	0.000124	0.007873	0.236373	0.81738	0.393492	0.077153	0.029432	0.000291	0.012041	0.079992	0.186472	0.308362	0.907827	1	0.000291	0.012041	0.079992	0.186472	0.308362	0.907827	1	0.8	0.8
1479700	-0.73023	-0.183358	-0.040091	-0.912657	-0.704839	0.0246351	-0.46737	-0.326429	-0.0316959	-0.212832	0.460164	0.453731	-0.142365	0.837438	0.119193	-0.115115	0.9708	-0.0211409	0.751798	1.20447	-0.639804	-0.833355	0.352014	0.480768	0.202157	-0.495887	0.003595	0.014741	0.103552	0.164248	0.250586	0.924971	0.549825	0.00013	0.007203	0.227904	0.84065	0.486844	0.150066	0.069488	0.000142	0.009449	0.065806	0.157436	0.256571	0.891751	1	0.000142	0.009449	0.065806	0.157436	0.256571	0.891751	1	0.9	0.8
1923510	-0.835672	-0.0368601	-0.0664129	-0.942265	-0.708368	0.0711559	-0.660119	-0.343908	0.00774924	-0.174736	0.580009	0.514199	-0.107525	0.887335	0.0365241	-0.0921037	1.07676	-0.0186274	0.679518	0.958656	-0.496843	-0.899661	0.39447	0.504773	0.254096	-0.582144	0.007361	0.031925	0.196904	0.270552	0.329993	0.816402	0.350684	0.000119	0.00858	0.246354	0.790931	0.29527	0.032069	0.009578	0.000422	0.018695	0.125795	0.280984	0.450068	0.982552	0.895312	0.000422	0.018695	0.125795	0.280984	0.450068	0.982552	0.895312	0.7	0.9
1590240	-0.769987	-0.123274	-0.0532133	-0.926287	-0.7089	0.0241377	-0.561922	-0.347892	-0.0438482	-0.23252	0.477105	0.455768	-0.127967	0.864272	0.0959815	-0.0921209	1.02119	-0.00451548	0.74305	1.11436	-0.508364	-0.840468	0.372941	0.469634	0.226704	-0.523861	0.005175	0.021359	0.140462	0.208792	0.290355	0.912352	0.47411	0.000124	0.007871	0.236208	0.817902	0.395927	0.078414	0.030012	0.000297	0.011997	0.079142	0.184977	0.306658	0.907398	1	0.000297	0.011997	0.079142	0.184977	0.306658	0.907398	1	0.8	0.9
1422400	-0.694601	-0.160156	-0.0333204	-0.906284	-0.712025	-0.0185114	-0.50311	-0.359215	-0.084855	-0.269294	0.405426	0.418767	-0.136025	0.845266	0.14252	-0.0868533	0.984393	0.00651086	0.785847	1.23077	-0.594354	-0.793927	0.362667	0.439939	0.201416	-0.470996	0.003598	0.014661	0.102848	0.163232	0.249575	0.925269	0.551614	0.00013	0.007201	0.227784	0.841032	0.488963	0.151955	0.070577	0.000146	0.009451	0.06537	0.156684	0.255836	0.891556	1	0.000146	0.009451	0.06537	0.156684	0.255836	0.891556	1	0.9	0.9
2310420	0	0	0	0	0	0	0	0	0	0	0	0	0	0	0	0	0	0	0	0.961507	-0.408029	-0.979895	0.279821	0.532996	0.164384	-0.550785	0.007365	0.034672	0.217265	0.304866	0.352676	0.718851	0.25206	0.000118	0.008687	0.246578	0.793052	0.295402	0.034152	0.010686	0.054166	0.051166	0.153981	0.319496	0.46878	0.988699	0.932194	0.054166	0.051166	0.153981	0.319496	0.46878	0.988699	0.932194	0.7	0.7
1969770	0	0	0	0	0	0	0	0	0	0	0	0	0	0	0	0	0	0	0	1.07743	-0.411678	-0.975632	0.23022	0.486085	0.129361	-0.535787	0.005264	0.024426	0.164147	0.247451	0.321424	0.808578	0.336772	0.000123	0.007997	0.237889	0.815729	0.379352	0.078052	0.031457	0.037508	0.035566	0.108908	0.231724	0.349103	0.917452	1	0.037508	0.035566	0.108908	0.231724	0.349103	0.917452	1	0.8	0.7
1764900	0	0	0	0	0	0	0	0	0	0	0	0	0	0	0	0	0	0	0	1.16287	-0.419793	-0.96046	0.200946	0.443882	0.0957423	-0.523186	0.003976	0.01833	0.131215	0.21036	0.299761	0.889053	0.424871	0.000129	0.007354	0.230447	0.836501	0.460828	0.153402	0.07699	0.004685	0.025121	0.094337	0.203507	0.305656	0.905139	1	0.004685	0.025121	0.094337	0.203507	0.305656	0.905139	1	0.9	0.7
2196960	0	0	0	0	0	0	0	0	0	0	0	0	0	0	0	0	0	0	0	0.993779	-0.397911	-0.94208	0.276961	0.463177	0.144973	-0.538898	0.007336	0.034301	0.21444	0.300864	0.350207	0.720399	0.252598	0.000118	0.008653	0.24629	0.794162	0.297784	0.0342	0.010617	0.051129	0.048061	0.149527	0.314314	0.465459	0.989539	0.937235	0.051129	0.048061	0.149527	0.314314	0.465459	0.989539	0.937235	0.7	0.8
1873460	0	0	0	0	0	0	0	0	0	0	0	0	0	0	0	0	0	0	0	1.10309	-0.39479	-0.932701	0.230714	0.414588	0.107282	-0.528186	0.005214	0.024098	0.161857	0.24404	0.319142	0.812332	0.339907	0.000123	0.007973	0.237611	0.816652	0.382358	0.078421	0.031423	0.034883	0.033042	0.104994	0.227351	0.346638	0.917132	1	0.034883	0.033042	0.104994	0.227351	0.346638	0.917132	1	0.8	0.8
1682800	0	0	0	0	0	0	0	0	0	0	0	0	0	0	0	0	0	0	0	1.18627	-0.403782	-0.915429	0.203118	0.373495	0.0747481	-0.51842	0.003928	0.018065	0.129445	0.207582	0.297791	0.894602	0.430844	0.000129	0.007337	0.230194	0.837284	0.463844	0.153725	0.076702	0.002729	0.021857	0.091063	0.199094	0.302895	0.904583	1	0.002729	0.021857	0.091063	0.199094	0.302895	0.904583	1	0.9	0.8
2119020	0	0	0	0	0	0	0	0	0	0	0	0	0	0	0	0	0	0	0	1.01474	-0.392574	-0.912972	0.276764	0.409117	0.13453	-0.529604	0.007305	0.034039	0.2126	0.298201	0.348528	0.721351	0.252853	0.000118	0.008631	0.24611	0.794895	0.299129	0.034049	0.010488	0.009989	0.040026	0.147895	0.309966	0.461104	0.989304	0.935823	0.009989	0.040026	0.147895	0.309966	0.461104	0.989304	0.935823	0.7	0.9
1806870	0	0	0	0	0	0	0	0	0	0	0	0	0	0	0	0	0	0	0	1.11963	-0.384232	-0.899752	0.232997	0.35881	0.0945174	-0.521969	0.005171	0.023857	0.160309	0.241728	0.31757	0.814998	0.342158	0.000123	0.007957	0.237416	0.817288	0.384214	0.078353	0.03121	0.005341	0.026531	0.103594	0.223404	0.343	0.916169	1	0.005341	0.026531	0.103594	0.223404	0.343	0.916169	1	0.8	0.9
1626740	0	0	0	0	0	0	0	0	0	0	0	0	0	0	0	0	0	0	0	1.19747	-0.387962	-0.880298	0.206048	0.317756	0.0613855	-0.514397	0.003884	0.017862	0.128232	0.20576	0.296496	0.898206	0.434716	0.000129	0.007325	0.230001	0.837816	0.466055	0.154296	0.076759	0.00192	0.019899	0.088872	0.19618	0.300947	0.904176	1	0.00192	0.019899	0.088872	0.19618	0.300947	0.904176	1	0.9	0.9
3540570	-0.631752	0.870059	-0.612283	-0.496396	-0.13199	0.162644	-0.799681	0.180161	0.57396	0.231356	1.09662	0.54041	0.753052	0.304743	-0.0898699	0.692322	0.308605	0.0437592	0.758373	-0.784704	-2.3387	-0.0112945	0.58889	0.135457	-0.143633	-1.20011	0.00143	0.015576	0.099618	0.207792	0.335016	0.625133	0.166379	0.000144	0.004458	0.171234	0.86991	0.265899	0.019123	0.005717	0.000186	0.008401	0.080644	0.32559	0.669818	0.643573	0.272493	0.000186	0.008401	0.080644	0.32559	0.669818	0.643573	0.272493	0.7	0.7
2333860	-0.75915	0.699285	-0.570099	-0.527827	-0.262988	0.164343	-0.808365	0.0447949	0.45236	0.125429	1.00612	0.526879	0.69579	0.424772	-0.144731	0.630137	0.304074	-0.0747331	0.917765	-0.146521	-2.28532	0.0331797	0.540736	0.190305	-0.124805	-1.05143	0.000645	0.008685	0.061313	0.143618	0.280269	0.69639	0.206278	0.000144	0.003927	0.15603	0.893334	0.3741	0.040592	0.013553	8.7e-05	0.004229	0.045015	0.203939	0.52717	0.781961	0.412283	8.7e-05	0.004229	0.045015	0.203939	0.52717	0.781961	0.412283	0.8	0.7
1779980	-0.844747	0.592956	-0.525074	-0.546423	-0.355765	0.176302	-0.770694	-0.0466171	0.350997	0.0274498	0.92926	0.517261	0.64185	0.529848	-0.147349	0.603165	0.336189	-0.0932233	1.02686	0.141655	-2.27197	0.0494677	0.494806	0.218205	-0.157204	-0.877211	0.00031	0.005088	0.039805	0.102939	0.238702	0.808144	0.291045	0.000146	0.003401	0.142021	0.915752	0.512185	0.084761	0.032276	8.3e-05	0.002837	0.030086	0.14173	0.404655	0.945114	0.670687	8.3e-05	0.002837	0.030086	0.14173	0.404655	0.945114	0.670687	0.9	0.7
3462550	-0.62636	0.868587	-0.612457	-0.494843	-0.133731	0.149547	-0.813368	0.159948	0.547248	0.212024	1.09145	0.547185	0.766755	0.323713	-0.0733831	0.711733	0.332402	0.0675874	0.783714	-0.774918	-2.3189	-0.00236771	0.557086	0.090869	-0.155041	-1.20448	0.001425	0.015463	0.099	0.206779	0.334209	0.62627	0.167048	0.000144	0.004451	0.17103	0.870157	0.266499	0.019124	0.005705	0.000184	0.008339	0.080168	0.324306	0.66883	0.643784	0.272567	0.000184	0.008339	0.080168	0.324306	0.66883	0.643784	0.272567	0.7	0.8
2270360	-0.743958	0.702323	-0.566005	-0.525298	-0.265318	0.145155	-0.825662	0.0188259	0.415076	0.0965122	0.991864	0.528067	0.71195	0.44653	-0.125033	0.651154	0.32787	-0.0502757	0.941796	-0.134039	-2.25819	0.0489837	0.508329	0.145467	-0.1342	-1.05192	0.000642	0.00861	0.060844	0.142746	0.279396	0.69828	0.207553	0.000144	0.003923	0.155827	0.89367	0.375566	0.040738	0.013575	8.6e-05	0.004189	0.044644	0.202817	0.526044	0.782364	0.412474	8.6e-05	0.004189	0.044644	0.202817	0.526044	0.782364	0.412474	0.8	0.8
1729160	-0.818066	0.598416	-0.517287	-0.543607	-0.35789	0.151471	-0.791043	-0.0747976	0.307123	-0.00833263	0.906288	0.513325	0.657421	0.552968	-0.123889	0.625434	0.357704	-0.068889	1.04805	0.155142	-2.23871	0.07139	0.464895	0.1755	-0.166023	-0.876593	0.000309	0.005047	0.039514	0.102349	0.238006	0.810726	0.293253	0.000146	0.003398	0.14184	0.916109	0.514508	0.085276	0.032436	8.2e-05	0.002813	0.029839	0.140952	0.403515	0.945204	0.671222	8.2e-05	0.002813	0.029839	0.140952	0.403515	0.945204	0.671222	0.9	0.8
3406290	-0.619892	0.867337	-0.611072	-0.493207	-0.134329	0.139315	-0.823352	0.144139	0.525869	0.196906	1.08711	0.552525	0.77692	0.337607	-0.0610759	0.725605	0.349111	0.0844216	0.801625	-0.764628	-2.30333	0.00506798	0.531874	0.0555163	-0.163641	-1.20642	0.001422	0.015384	0.098565	0.206072	0.333644	0.627051	0.167504	0.000144	0.004447	0.170884	0.870336	0.266947	0.019131	0.005699	0.000184	0.008296	0.079823	0.323366	0.668093	0.643955	0.272637	0.000184	0.008296	0.079823	0.323366	0.668093	0.643955	0.272637	0.7	0.9
2224700	-0.730446	0.704489	-0.561881	-0.522856	-0.26626	0.130032	-0.839035	-0.00147499	0.385221	0.0735788	0.980395	0.528963	0.723963	0.462269	-0.110427	0.666078	0.345922	-0.0314307	0.95961	-0.122177	-2.23738	0.0617684	0.482832	0.110009	-0.141023	-1.05075	0.00064	0.008558	0.06051	0.142128	0.278775	0.699576	0.208418	0.000144	0.00392	0.15568	0.893913	0.376662	0.040868	0.013603	8.5e-05	0.004161	0.044378	0.202002	0.525189	0.782768	0.412754	8.5e-05	0.004161	0.044378	0.202002	0.525189	0.782768	0.412754	0.8	0.9
1692270	-0.799142	0.603189	-0.512043	-0.540735	-0.359077	0.132191	-0.807956	-0.0966858	0.272154	-0.0371343	0.888252	0.510229	0.669828	0.570343	-0.106504	0.642189	0.374928	-0.0496714	1.06529	0.166441	-2.21435	0.0894228	0.442297	0.142304	-0.171535	-0.87423	0.000308	0.005018	0.039305	0.101922	0.237501	0.812642	0.294904	0.000146	0.003396	0.141709	0.916365	0.51618	0.085639	0.032547	8.2e-05	0.002795	0.029654	0.140363	0.402639	0.94528	0.671679	8.2e-05	0.002795	0.029654	0.140363	0.402639	0.94528	0.671679	0.9	0.9
2646330	0	0	0	0	0	0	0	0	0	0	0	0	0	0	0	0	0	0	0	0.433505	-1.06767	0.0918508	0.58471	0.375434	-0.0941698	-0.323659	0.000951	0.014202	0.090664	0.198039	0.319044	0.578961	0.126173	0.000135	0.004743	0.168887	0.877714	0.302085	0.023904	0.007121	0.000933	0.010563	0.070775	0.276776	0.592586	0.744484	0.379648	0.000933	0.010563	0.070775	0.276776	0.592586	0.744484	0.379648	0.7	0.7
1928830	0	0	0	0	0	0	0	0	0	0	0	0	0	0	0	0	0	0	0	0.675634	-1.00731	0.00679685	0.484495	0.317289	-0.140578	-0.336331	0.000357	0.00757	0.054453	0.134504	0.267049	0.648761	0.160284	0.000136	0.004131	0.154185	0.900694	0.435444	0.065261	0.024806	0.003112	0.007687	0.046425	0.198356	0.492326	0.904348	0.582593	0.003112	0.007687	0.046425	0.198356	0.492326	0.904348	0.582593	0.8	0.7
1627490	0	0	0	0	0	0	0	0	0	0	0	0	0	0	0	0	0	0	0	0.812	-0.981491	-0.0403174	0.422937	0.268207	-0.168353	-0.312982	0.000171	0.004648	0.037274	0.101285	0.234862	0.72336	0.206228	0.000139	0.003599	0.141864	0.919442	0.564432	0.129467	0.057756	0.002017	0.005798	0.036948	0.160768	0.420712	0.945064	0.670382	0.002017	0.005798	0.036948	0.160768	0.420712	0.945064	0.670382	0.9	0.7
2421820	0	0	0	0	0	0	0	0	0	0	0	0	0	0	0	0	0	0	0	0.580311	-0.984986	-0.380156	0.701718	0.414718	-0.0426029	-0.289002	0.000306	0.012665	0.086725	0.1946	0.315345	0.575185	0.122437	0.000121	0.005539	0.171216	0.881204	0.314614	0.02495	0.007315	0.001598	0.011926	0.066851	0.253847	0.564556	0.785027	0.427638	0.001598	0.011926	0.066851	0.253847	0.564556	0.785027	0.427638	0.7	0.8
1857100	0	0	0	0	0	0	0	0	0	0	0	0	0	0	0	0	0	0	0	0.700085	-1.00779	0.0326315	0.466607	0.282951	-0.144375	-0.330106	0.00035	0.007475	0.053944	0.133592	0.265723	0.64724	0.158551	0.000136	0.004112	0.153687	0.90114	0.43578	0.064093	0.024084	0.000815	0.006685	0.045649	0.19364	0.483882	0.912873	0.590135	0.000815	0.006685	0.045649	0.19364	0.483882	0.912873	0.590135	0.8	0.8
1562700	0	0	0	0	0	0	0	0	0	0	0	0	0	0	0	0	0	0	0	0.834844	-0.984173	-0.00811937	0.410529	0.23574	-0.174327	-0.314493	0.000165	0.004556	0.036715	0.100142	0.233264	0.723678	0.205538	0.000139	0.003583	0.141402	0.920038	0.566971	0.128906	0.057105	0.001614	0.005413	0.035505	0.156734	0.416318	0.945196	0.671177	0.001614	0.005413	0.035505	0.156734	0.416318	0.945196	0.671177	0.9	0.8
2357800	0	0	0	0	0	0	0	0	0	0	0	0	0	0	0	0	0	0	0	0.603359	-0.988706	-0.372226	0.69297	0.392543	-0.0426347	-0.285306	0.000314	0.012664	0.086301	0.1938	0.314396	0.573675	0.121171	0.000121	0.005533	0.170955	0.881568	0.315241	0.024754	0.007209	0.001519	0.011665	0.065889	0.250431	0.559843	0.793092	0.437589	0.001519	0.011665	0.065889	0.250431	0.559843	0.793092	0.437589	0.7	0.9
1804830	0	0	0	0	0	0	0	0	0	0	0	0	0	0	0	0	0	0	0	0.718092	-1.01163	0.0536318	0.454091	0.258451	-0.146111	-0.326519	0.000343	0.007396	0.053523	0.132825	0.264681	0.646052	0.157213	0.000136	0.004098	0.15331	0.901492	0.436174	0.063322	0.023604	0.00071	0.006399	0.044704	0.190604	0.480438	0.917873	0.59664	0.00071	0.006399	0.044704	0.190604	0.480438	0.917873	0.59664	0.8	0.9
1516290	0	0	0	0	0	0	0	0	0	0	0	0	0	0	0	0	0	0	0	0.850934	-0.989393	0.0177467	0.401904	0.21234	-0.17728	-0.316252	0.000161	0.004487	0.036295	0.099271	0.232062	0.723968	0.205068	0.000139	0.003572	0.141052	0.920494	0.568868	0.128436	0.056588	0.000624	0.004846	0.034833	0.153883	0.411341	0.944446	0.666677	0.000624	0.004846	0.034833	0.153883	0.411341	0.944446	0.666677	0.9	0.9
3326250	-0.0830466	0.836599	-0.321839	-0.511589	-0.31064	-0.0915701	-0.679657	0.00311823	0.317383	-0.0811258	0.639182	0.251855	0.284276	0.376005	0.0621773	0.538567	0.719207	2.0563	-0.250026	-1.56412	-2.59984	-0.764323	1.18438	0.89278	-0.033443	-0.87061	0.001063	0.009886	0.051695	0.078102	0.155037	0.947413	0.684477	0.000164	0.002978	0.143134	0.884025	0.161256	0.001362	0.00015	0.000113	0.005628	0.05597	0.245223	0.650105	0.529149	0.158691	0.000113	0.005628	0.05597	0.245223	0.650105	0.529149	0.158691	0.7	0.7
1991120	-0.187048	0.777672	-0.250903	-0.45621	-0.305099	0.00406868	-0.667225	-0.0986299	0.25781	-0.126313	0.613447	0.260806	0.27875	0.462605	-0.0343278	0.459733	0.474211	0.351122	1.71929	-1.38529	-2.46231	-0.482792	1.06819	0.62575	0.0450942	-0.942401	0.000203	0.003958	0.03073	0.063882	0.153739	0.932378	0.594266	0.000147	0.002977	0.133071	0.917534	0.218681	0.001207	8.6e-05	5e-05	0.002407	0.025557	0.127259	0.455536	0.6541	0.239563	5e-05	0.002407	0.025557	0.127259	0.455536	0.6541	0.239563	0.8	0.7
1536750	-0.248961	0.701329	-0.207687	-0.433883	-0.312421	0.0657912	-0.626727	-0.122481	0.208415	-0.166798	0.573882	0.267256	0.249285	0.523866	-0.0578791	0.442603	0.350785	-0.179155	1.88812	-1.03146	-2.35625	-0.355327	1.03981	0.577258	0.0725138	-0.861875	0.000221	0.002265	0.018048	0.039945	0.103465	0.957453	1	0.00015	0.002656	0.124111	0.948214	0.375132	0.00395	0.000316	3e-05	0.001324	0.015284	0.078249	0.285133	0.95002	0.70012	3e-05	0.001324	0.015284	0.078249	0.285133	0.95002	0.70012	0.9	0.7
3290770	-0.0563892	0.836325	-0.30492	-0.499443	-0.302047	-0.100829	-0.685266	-0.0191654	0.281108	-0.101447	0.610476	0.238684	0.278093	0.370009	0.065223	0.530082	0.733723	2.05516	-0.219437	-1.5457	-2.58348	-0.754742	1.18189	0.872039	-0.0280352	-0.851908	0.00105	0.009865	0.05167	0.07813	0.155061	0.947442	0.68465	0.000163	0.002985	0.143186	0.884016	0.161161	0.001358	0.000149	0.000115	0.00565	0.056007	0.245426	0.650955	0.528003	0.157845	0.000115	0.00565	0.056007	0.245426	0.650955	0.528003	0.157845	0.7	0.8
1954810	-0.154566	0.783171	-0.232092	-0.440933	-0.293252	-0.00847177	-0.675725	-0.123019	0.213955	-0.155547	0.576743	0.24041	0.272167	0.455802	-0.0281268	0.458583	0.471756	0.364355	1.72357	-1.35428	-2.43653	-0.465318	1.06376	0.604385	0.0531072	-0.913906	0.000204	0.003958	0.03067	0.063741	0.153407	0.932694	0.596161	0.000147	0.002981	0.133092	0.917622	0.219118	0.00121	8.6e-05	5.1e-05	0.002413	0.025527	0.127207	0.455841	0.652748	0.238293	5.1e-05	0.002413	0.025527	0.127207	0.455841	0.652748	0.238293	0.8	0.8
1504450	-0.216779	0.707741	-0.189337	-0.419503	-0.30044	0.0506188	-0.637985	-0.14697	0.163165	-0.199577	0.534922	0.242258	0.243299	0.517326	-0.0497772	0.445226	0.347218	-0.159927	1.88672	-1.00219	-2.32876	-0.335215	1.03542	0.558093	0.0843407	-0.829881	0.000222	0.002264	0.018007	0.039855	0.103178	0.957318	1	0.00015	0.002661	0.12411	0.94832	0.375843	0.003957	0.000316	3.1e-05	0.001331	0.015297	0.078339	0.285447	0.949901	0.699404	3.1e-05	0.001331	0.015297	0.078339	0.285447	0.949901	0.699404	0.9	0.8
3265280	-0.0372959	0.838002	-0.292209	-0.489523	-0.294372	-0.106393	-0.689372	-0.0355013	0.253581	-0.117634	0.589053	0.2286	0.273846	0.365904	0.0672492	0.524137	0.743758	2.0546	-0.197859	-1.53251	-2.57178	-0.747785	1.18008	0.855758	-0.0238032	-0.838527	0.001041	0.009855	0.051663	0.078159	0.155097	0.947431	0.684588	0.000163	0.00299	0.143231	0.883994	0.161081	0.001356	0.000149	0.000116	0.005667	0.056048	0.245618	0.651594	0.52722	0.157273	0.000116	0.005667	0.056048	0.245618	0.651594	0.52722	0.157273	0.7	0.9
1928880	-0.131716	0.787914	-0.217278	-0.428318	-0.28287	-0.0161547	-0.681985	-0.140859	0.180422	-0.178863	0.548784	0.224621	0.267693	0.451392	-0.0235603	0.458132	0.469746	0.373295	1.7272	-1.3319	-2.41802	-0.452653	1.06058	0.587671	0.0595709	-0.892844	0.000205	0.00396	0.030641	0.063663	0.153222	0.932873	0.59724	0.000147	0.002985	0.133116	0.917664	0.219402	0.001212	8.6e-05	5.1e-05	0.002418	0.025517	0.127208	0.456094	0.65187	0.237484	5.1e-05	0.002418	0.025517	0.127208	0.456094	0.65187	0.237484	0.8	0.9
1481720	-0.193122	0.713932	-0.175302	-0.407202	-0.289916	0.0403844	-0.646593	-0.165143	0.128197	-0.225624	0.504801	0.222745	0.239203	0.513048	-0.0436997	0.447582	0.344212	-0.146482	1.88566	-0.979611	-2.30883	-0.320863	1.03214	0.542682	0.0938491	-0.806047	0.000222	0.002264	0.017986	0.039805	0.103016	0.957242	1	0.00015	0.002664	0.124123	0.948366	0.376322	0.003966	0.000317	3.1e-05	0.001338	0.015317	0.078434	0.285712	0.949824	0.698945	3.1e-05	0.001338	0.015317	0.078434	0.285712	0.949824	0.698945	0.9	0.9
2177280	0	0	0	0	0	0	0	0	0	0	0	0	0	0	0	0	0	0	0	0.893183	-1.03619	-0.632891	0.776205	0.47685	-0.0826942	-0.394462	9.8e-05	0.007248	0.061863	0.140372	0.27428	0.719468	0.224812	0.000134	0.003844	0.146337	0.888128	0.15799	0.000864	7.2e-05	0.028475	0.029608	0.086735	0.286702	0.588985	0.660186	0.270999	0.028475	0.029608	0.086735	0.286702	0.588985	0.660186	0.270999	0.7	0.7
1630980	0	0	0	0	0	0	0	0	0	0	0	0	0	0	0	0	0	0	0	1.06035	-0.96687	-0.646142	0.652313	0.410553	-0.113277	-0.396929	4.4e-05	0.003264	0.032273	0.082991	0.203257	0.91006	0.460361	0.000133	0.003463	0.135123	0.927096	0.35413	0.008881	0.001287	0.032599	0.034296	0.086819	0.252764	0.489796	0.884288	0.532713	0.032599	0.034296	0.086819	0.252764	0.489796	0.884288	0.532713	0.8	0.7
1420890	0	0	0	0	0	0	0	0	0	0	0	0	0	0	0	0	0	0	0	1.12408	-0.966989	-0.635594	0.612051	0.3578	-0.144522	-0.346824	2.4e-05	0.00182	0.020214	0.056512	0.15718	0.935052	0.610314	0.000136	0.003056	0.125352	0.95087	0.531893	0.028079	0.005403	0.033189	0.032401	0.096764	0.25146	0.463255	0.896338	0.535369	0.033189	0.032401	0.096764	0.25146	0.463255	0.896338	0.535369	0.9	0.7
2094750	0	0	0	0	0	0	0	0	0	0	0	0	0	0	0	0	0	0	0	0.91308	-1.04849	-0.614413	0.775055	0.446915	-0.0831427	-0.389007	0.000103	0.007361	0.061937	0.140498	0.273646	0.708766	0.214472	0.000134	0.003804	0.145591	0.889172	0.157324	0.000844	7e-05	0.025027	0.025642	0.080463	0.273397	0.575764	0.677002	0.287539	0.025027	0.025642	0.080463	0.273397	0.575764	0.677002	0.287539	0.7	0.8
1570020	0	0	0	0	0	0	0	0	0	0	0	0	0	0	0	0	0	0	0	1.06956	-0.978807	-0.616044	0.660867	0.376864	-0.117975	-0.394464	4.9e-05	0.003454	0.033097	0.084446	0.204623	0.9087	0.452203	0.000133	0.003435	0.134581	0.928505	0.349922	0.007796	0.001055	0.023528	0.023991	0.072991	0.234677	0.481062	0.890305	0.540023	0.023528	0.023991	0.072991	0.234677	0.481062	0.890305	0.540023	0.8	0.8
1366460	0	0	0	0	0	0	0	0	0	0	0	0	0	0	0	0	0	0	0	1.14327	-0.979695	-0.612135	0.622406	0.329305	-0.144879	-0.358271	2.7e-05	0.001895	0.020227	0.056091	0.154555	0.938084	0.628507	0.000135	0.003059	0.125056	0.953623	0.539279	0.025767	0.004613	0.023531	0.02242	0.078243	0.231988	0.446613	0.922546	0.566784	0.023531	0.02242	0.078243	0.231988	0.446613	0.922546	0.566784	0.9	0.8
2034450	0	0	0	0	0	0	0	0	0	0	0	0	0	0	0	0	0	0	0	0.927125	-1.06131	-0.59911	0.776113	0.42549	-0.0816127	-0.386692	0.000107	0.007433	0.061894	0.140378	0.273031	0.70042	0.206589	0.000134	0.003778	0.145124	0.889783	0.156776	0.000833	6.9e-05	0.023029	0.023364	0.076651	0.265758	0.568648	0.685184	0.295605	0.023029	0.023364	0.076651	0.265758	0.568648	0.685184	0.295605	0.7	0.9
1524800	0	0	0	0	0	0	0	0	0	0	0	0	0	0	0	0	0	0	0	1.07631	-0.993677	-0.591919	0.669063	0.353462	-0.11778	-0.395456	5.3e-05	0.00356	0.033513	0.085174	0.205468	0.907532	0.445192	0.000133	0.003416	0.134215	0.929215	0.347023	0.00723	0.000942	0.019861	0.019849	0.066207	0.22531	0.476898	0.887875	0.535227	0.019861	0.019849	0.066207	0.22531	0.476898	0.887875	0.535227	0.8	0.9
1326220	0	0	0	0	0	0	0	0	0	0	0	0	0	0	0	0	0	0	0	1.15162	-0.995046	-0.586648	0.632345	0.307375	-0.143917	-0.365733	2.9e-05	0.001934	0.020228	0.055839	0.153464	0.93876	0.632558	0.000135	0.00305	0.124824	0.954686	0.540056	0.0245	0.004238	0.018891	0.018524	0.070668	0.223662	0.441646	0.924833	0.567831	0.018891	0.018524	0.070668	0.223662	0.441646	0.924833	0.567831	0.9	0.9
3619800	0.0656785	0.414461	0.0205688	0.11651	0.218648	0.231034	0.231949	0.379321	0.149295	0.171786	-0.00481265	0.0896486	0.2825	0.363067	0.233356	0.362152	-0.464111	2.97653	-1.42242	-2.38731	-4.02742	-0.186645	1.30442	1.38265	0.662294	-1.16315	0.006243	0.000952	0.052919	0	0.045063	0.141146	0.009293	0.000108	5.7e-05	0.000267	0.440255	0.000424	0.000381	0.000376	0.110923	1	0.065634	0.00057	0	0.012042	0.03828	0.110923	1	0.065634	0.00057	0	0.012042	0.03828	0.7	0.7
3109050	-0.00871726	0.402212	-0.089597	0.0706406	0.152999	0.148678	0.136139	0.250213	0.0108797	0.039724	-0.125739	0.00687904	0.169305	0.456876	0.0807553	0.387542	-0.0221712	2.82153	-0.925592	-1.90321	-3.00767	-0.698801	1.21355	1.43691	0.438152	-1.44149	1.4e-05	2.6e-05	0.067149	3e-06	0.000509	0.845518	0.073107	5e-06	4.3e-05	3.1e-05	0.703584	0.004516	5.6e-05	5.8e-05	0.13044	0	0.000115	7e-06	0.05061	0.009398	0.000735	0.13044	0	0.000115	7e-06	0.05061	0.009398	0.000735	0.8	0.7
2081780	0.0167125	0.373311	-0.0608974	0.0757874	0.142847	0.144039	0.140604	0.229616	0.0195776	0.0314316	-0.130253	-0.0163194	0.133303	0.264299	-0.194063	-0.664758	-1.16546	2.93535	0.566469	-1.32536	-2.7921	-0.436463	1.28308	1.42132	0.421088	-1.41318	2e-06	5e-06	0.026585	4.3e-05	0	0.849944	0.099665	4e-06	3.1e-05	2.2e-05	0.797268	0.006624	4.1e-05	4.2e-05	0.019926	0.002067	0	9.7e-05	3.6e-05	0.913748	0.48249	0.019926	0.002067	0	9.7e-05	3.6e-05	0.913748	0.48249	0.9	0.7
3568780	0.0770781	0.401788	0.0283621	0.11311	0.21443	0.222221	0.23146	0.362835	0.148249	0.15676	-0.016013	0.0763972	0.25526	0.344569	0.220544	0.333836	-0.427649	2.95802	-1.39675	-2.36847	-4.00826	-0.172297	1.31666	1.38587	0.676962	-1.13496	0.006178	0.000893	0.052541	0	0.041927	0.144603	0.009567	0.000107	5.8e-05	0.000267	0.442878	0.000428	0.000381	0.000376	0.126462	1	0.0682	0.000512	0	0.013145	0.037185	0.126462	1	0.0682	0.000512	0	0.013145	0.037185	0.7	0.8
2988090	0.0413057	0.414492	-0.0160008	0.121747	0.19908	0.221053	0.218385	0.371674	0.12808	0.165285	-0.0276505	0.0974821	0.265781	0.398838	0.237544	0.322516	-0.614937	2.95502	-1.20131	-2.05606	-3.93464	-0.418667	1.4494	1.38495	0.539769	-1.26313	0.00461	0.000171	0.05523	0	0.005591	0.398822	0.029159	1.4e-05	0.000117	9.6e-05	0.562129	0.001435	0.000156	0.000158	0.051726	1	0.035588	0.000308	0	0.016968	0.056868	0.051726	1	0.035588	0.000308	0	0.016968	0.056868	0.8	0.8
2465210	-0.0195023	0.416439	-0.0652702	0.113314	0.187665	0.211078	0.196326	0.380716	0.101539	0.152486	-0.0508397	0.0932546	0.187478	0.604642	-1.01043	0.662693	-0.755052	2.94975	-0.737157	-1.793	-3.64677	-0.246968	1.25292	1.52197	0.615828	-1.32312	8e-06	2.2e-05	0.031226	4.3e-05	2.9e-05	0.847396	0.084375	4e-06	3.4e-05	2.4e-05	0.772191	0.006049	4.4e-05	4.5e-05	0.61384	0.786367	0.078586	0.001733	0	0.02673	0.082591	0.61384	0.786367	0.078586	0.001733	0	0.02673	0.082591	0.9	0.8
3347740	0.10602	0.396061	0.0511119	0.119571	0.215876	0.225197	0.236843	0.351218	0.150252	0.137546	-0.0311083	0.0474034	0.153815	0.418597	0.288959	-1.18785	0.611163	3.01065	-1.34268	-2.37024	-3.93913	-0.17011	1.36759	1.44356	0.753895	-1.04421	0.006498	0.000868	0.05387	0	0.041246	0.145022	0.009561	0.000114	5.2e-05	0.000268	0.404018	0.000362	0.000378	0.000373	0.012603	0.941812	0.060929	0.000143	0	0.011297	0.039053	0.012603	0.941812	0.060929	0.000143	0	0.011297	0.039053	0.7	0.9
2929030	0.0683866	0.406881	0.000791468	0.125702	0.203465	0.220557	0.228628	0.357818	0.146336	0.147223	-0.0165702	0.0660875	0.28289	0.31117	0.317987	0.254023	-0.805286	2.95562	-1.11906	-2.01991	-3.90802	-0.399084	1.45986	1.38034	0.565201	-1.23104	6e-06	0.004378	0.054063	0	0.005855	0.397152	0.029012	1.4e-05	0.000117	9.6e-05	0.562135	0.001435	0.000156	0.000158	0.049263	1	0.033597	0.000279	0	0.017384	0.056866	0.049263	1	0.033597	0.000279	0	0.017384	0.056866	0.8	0.9
2006770	-0.201552	-0.364204	-0.951936	-0.953664	0.106165	-0.072549	0.723246	-0.021137	0.0341154	0.0176725	-0.1427	-0.028606	0.151744	0.394603	0.0918536	0.273593	-0.0395361	2.90843	0.221209	-1.17833	-2.72303	-0.396814	1.38507	1.50945	0.571156	-1.31424	5e-06	9e-06	0.03063	5.5e-05	4e-06	0.848749	0.092494	3e-06	3.1e-05	2.2e-05	0.797564	0.006631	4.1e-05	4.2e-05	0.069969	0.00125	0	0.000191	0	0.268773	1	0.069969	0.00125	0	0.000191	0	0.268773	1	0.9	0.9
2915090	0	0	0	0	0	0	0	0	0	0	0	0	0	0	0	0	0	0	0	1.05143	-1.28734	-0.642496	0.796215	0.128696	0.18483	-0.231338	7.2e-05	6.3e-05	0.000599	0.007133	0.176294	0.058865	0.003893	1.7e-05	0.000138	0.000117	0.550637	0.001188	0.000187	0.000187	0.508921	0.697976	0.022858	0.000371	0.006552	0.228856	0.048255	0.508921	0.697976	0.022858	0.000371	0.006552	0.228856	0.048255	0.7	0.7
2005620	0	0	0	0	0	0	0	0	0	0	0	0	0	0	0	0	0	0	0	1.17585	-1.38987	-0.404829	0.944545	-0.481511	0.171737	-0.0159265	0.001068	1.5e-05	2e-06	0.025518	0.001376	0.847843	0.087056	3e-06	2.9e-05	2e-05	0.824422	0.007247	3.8e-05	3.9e-05	0.929985	0.88607	0.104698	0.000571	0.079811	0.286958	0.105496	0.929985	0.88607	0.104698	0.000571	0.079811	0.286958	0.105496	0.8	0.7
1843820	0	0	0	0	0	0	0	0	0	0	0	0	0	0	0	0	0	0	0	1.13035	-1.2868	-0.422991	0.885018	-0.31167	0.0507549	-0.0446669	0.000981	3.2e-05	3e-06	0.031441	0.015488	0.935932	1	1e-06	1.3e-05	8e-06	0.893571	0.011501	1.7e-05	1.7e-05	0.989127	0.773998	0.088982	0.000688	0.016872	0.724303	0.329285	0.989127	0.773998	0.088982	0.000688	0.016872	0.724303	0.329285	0.9	0.7
2796410	0	0	0	0	0	0	0	0	0	0	0	0	0	0	0	0	0	0	0	0.998869	-1.13571	-0.554689	0.768399	-0.0276078	0.18608	-0.235337	0.002343	0.000481	0.000155	0.08955	0.060728	0.60083	0.049774	2.4e-05	0.000117	0.000136	0.544518	0.001072	0.000216	0.000217	1	0.701212	0.061874	0.000453	0.080716	0.053965	0.030474	1	0.701212	0.061874	0.000453	0.080716	0.053965	0.030474	0.7	0.8
1978860	0	0	0	0	0	0	0	0	0	0	0	0	0	0	0	0	0	0	0	1.11739	-1.27759	-0.425957	0.838913	-0.18839	0.137882	-0.202249	0.000485	8e-06	4e-06	0.025567	0.000156	0.852113	0.11268	6e-06	4.8e-05	3.6e-05	0.684002	0.004292	6.9e-05	7e-05	1	0.711906	0.066796	0.000489	0.053377	0.378903	0.25333	1	0.711906	0.066796	0.000489	0.053377	0.378903	0.25333	0.8	0.8
1686610	0	0	0	0	0	0	0	0	0	0	0	0	0	0	0	0	0	0	0	1.07798	-1.16527	-0.268485	0.927898	-0.710036	0.0271927	0.110718	0.001972	1.5e-05	9.7e-05	0.035498	1e-06	0.641468	1	1e-06	5e-06	3e-06	0.736626	0.011944	6e-06	7e-06	0.917711	0.904391	0.130089	0.000863	0.018706	0.938928	0.633567	0.917711	0.904391	0.130089	0.000863	0.018706	0.938928	0.633567	0.9	0.8
5219660	0	0	0	0	0	0	0	0	0	0	0	0	0	0	0	0	0	0	0	0.0165818	-1.49155	-0.408357	0.645575	0.687527	0.440817	0.109406	0.000843	0.000223	0.016796	0.00035	0	0.669798	1	0.00021	2.1e-05	0.000272	0.309269	0.000226	0.000371	0.000363	0.960133	0.798407	0.07146	0.000387	0.053437	1.8e-05	6e-06	0.960133	0.798407	0.07146	0.000387	0.053437	1.8e-05	6e-06	0.7	0.9
2012070	0	0	0	0	0	0	0	0	0	0	0	0	0	0	0	0	0	0	0	1.13831	-1.26032	-0.500466	0.7589	0.0621191	0.0460726	-0.244615	0.0016	0.000116	2e-05	0.037376	0.031359	0.480597	0.036252	6e-06	5.3e-05	3.9e-05	0.659398	0.003544	6.9e-05	7.1e-05	0.60047	0.762074	0.043035	0.000485	0.003848	0.582478	0.145695	0.60047	0.762074	0.043035	0.000485	0.003848	0.582478	0.145695	0.8	0.9
1670280	0	0	0	0	0	0	0	0	0	0	0	0	0	0	0	0	0	0	0	1.13857	-1.15243	-0.343869	0.829652	-0.454346	0.0494912	-0.0670716	0.000642	1.5e-05	4e-06	0.021506	0.001106	0.852056	0.112336	1e-06	1.2e-05	8e-06	0.87818	0.011555	1.6e-05	1.6e-05	0.930471	0.887654	0.109416	0.000574	0.018181	0.757497	0.932057	0.930471	0.887654	0.109416	0.000574	0.018181	0.757497	0.932057	0.9	0.9
3231490	-0.674087	0.804337	-0.607796	-0.500661	-0.147131	0.166061	-0.794506	0.167582	0.5546	0.21463	1.07281	0.520428	0.733797	0.314328	-0.109542	0.685576	0.286819	0.0371542	0.573368	-0.367148	-2.28461	0.0172399	0.563453	0.153477	-0.149211	-1.23097	0.001422	0.015202	0.09668	0.203042	0.33	0.633028	0.170902	0.000144	0.004473	0.170858	0.871814	0.280427	0.022945	0.007239	0.00016	0.00757	0.07381	0.305282	0.654608	0.647234	0.274191	0.00016	0.00757	0.07381	0.305282	0.654608	0.647234	0.274191	0.7	0.7
2039510	-0.823743	0.585105	-0.561827	-0.547336	-0.296008	0.164822	-0.7865	0.0177447	0.415413	0.0926315	0.972733	0.50641	0.673703	0.45187	-0.155911	0.635095	0.30344	-0.0305537	0.722687	0.232454	-2.22231	0.0663401	0.507063	0.233198	-0.139113	-1.01741	0.000525	0.007778	0.05541	0.1328	0.268895	0.713061	0.215506	0.000143	0.003894	0.153863	0.89863	0.418867	0.059834	0.022512	9.2e-05	0.003886	0.04058	0.187161	0.499181	0.836446	0.479688	9.2e-05	0.003886	0.04058	0.187161	0.499181	0.836446	0.479688	0.8	0.7
1668160	-0.86215	0.52096	-0.518458	-0.560098	-0.374837	0.17262	-0.744409	-0.0593368	0.330689	0.00802284	0.907535	0.505734	0.627368	0.544871	-0.14632	0.609911	0.346559	-0.0368646	0.882612	0.34758	-2.24322	0.0675907	0.469991	0.227358	-0.166868	-0.856839	0.000264	0.004737	0.037403	0.098235	0.233026	0.817986	0.297013	0.000145	0.003374	0.140596	0.91919	0.550217	0.110497	0.045956	0.000106	0.002855	0.028797	0.134173	0.380198	0.952684	0.716104	0.000106	0.002855	0.028797	0.134173	0.380198	0.952684	0.716104	0.9	0.7
3148590	-0.664827	0.803457	-0.605896	-0.49926	-0.149527	0.151599	-0.808038	0.146108	0.526348	0.194292	1.06624	0.526788	0.748809	0.334991	-0.0916828	0.705801	0.311395	0.063911	0.601864	-0.353747	-2.26565	0.0244606	0.526408	0.104948	-0.162136	-1.23666	0.001413	0.015066	0.095938	0.201829	0.329034	0.634221	0.171568	0.000144	0.004466	0.170624	0.872123	0.281329	0.022988	0.007237	0.000158	0.007501	0.073258	0.303734	0.653362	0.647533	0.274316	0.000158	0.007501	0.073258	0.303734	0.653362	0.647533	0.274316	0.7	0.8
1971130	-0.802872	0.590274	-0.555762	-0.545284	-0.300231	0.142761	-0.805119	-0.0113735	0.372845	0.0580748	0.952228	0.50514	0.690092	0.478375	-0.131592	0.660129	0.329509	-0.00414345	0.749053	0.249151	-2.19479	0.0832504	0.472655	0.186517	-0.150788	-1.0181	0.00052	0.007682	0.054798	0.131632	0.267684	0.71589	0.217456	0.000143	0.003888	0.153589	0.899122	0.421653	0.060482	0.022748	9.1e-05	0.003841	0.040144	0.185825	0.497691	0.837534	0.480711	9.1e-05	0.003841	0.040144	0.185825	0.497691	0.837534	0.480711	0.8	0.8
1615170	-0.836847	0.52995	-0.512102	-0.557346	-0.37898	0.146469	-0.767476	-0.0887244	0.284627	-0.0311152	0.881934	0.499559	0.642498	0.571	-0.120555	0.635103	0.370809	-0.0110901	0.908499	0.360747	-2.21006	0.0908804	0.440503	0.184661	-0.175762	-0.857185	0.000263	0.004693	0.037084	0.097572	0.232231	0.821248	0.299871	0.000145	0.00337	0.140393	0.919594	0.553124	0.111332	0.046257	0.000105	0.002825	0.028519	0.133328	0.378999	0.952801	0.716807	0.000105	0.002825	0.028519	0.133328	0.378999	0.952801	0.716807	0.9	0.8
3087820	-0.65979	0.80329	-0.605868	-0.498205	-0.151647	0.140154	-0.819825	0.128894	0.503423	0.17745	1.0612	0.531864	0.760736	0.351389	-0.0775979	0.722289	0.33135	0.0835583	0.624259	-0.342516	-2.25102	0.0314535	0.497997	0.0668502	-0.170684	-1.23901	0.001409	0.014969	0.095404	0.20094	0.328318	0.635264	0.172191	0.000144	0.00446	0.170451	0.872346	0.281978	0.023017	0.007235	0.000157	0.007449	0.072847	0.302576	0.652422	0.647744	0.274393	0.000157	0.007449	0.072847	0.302576	0.652422	0.647744	0.274393	0.7	0.9
1921930	-0.787574	0.594762	-0.551615	-0.543246	-0.30312	0.1253	-0.820744	-0.0342931	0.338544	0.0299714	0.935782	0.503865	0.702986	0.498215	-0.113488	0.678907	0.350036	0.0167513	0.770145	0.262856	-2.17322	0.0976645	0.446456	0.150016	-0.158484	-1.01647	0.000516	0.007614	0.05436	0.13079	0.266805	0.717992	0.218918	0.000142	0.003883	0.153391	0.899476	0.42367	0.060946	0.022914	9.1e-05	0.003807	0.039823	0.184836	0.496581	0.838372	0.481511	9.1e-05	0.003807	0.039823	0.184836	0.496581	0.838372	0.481511	0.8	0.9
1577450	-0.816955	0.53673	-0.507122	-0.554687	-0.381395	0.125663	-0.786294	-0.111639	0.247872	-0.0622804	0.86174	0.494789	0.654663	0.590275	-0.101365	0.653709	0.389433	0.00918017	0.927813	0.372734	-2.18411	0.10958	0.417846	0.151313	-0.181716	-0.855783	0.000262	0.004662	0.036862	0.097113	0.23168	0.823466	0.301808	0.000145	0.003368	0.140248	0.919881	0.555199	0.11197	0.046501	0.000105	0.002805	0.028326	0.132732	0.378126	0.952895	0.717372	0.000105	0.002805	0.028326	0.132732	0.378126	0.952895	0.717372	0.9	0.9
2383110	0	0	0	0	0	0	0	0	0	0	0	0	0	0	0	0	0	0	0	0.472291	-0.995228	0.0895317	0.564522	0.370364	-0.116094	-0.385386	0.000869	0.012856	0.082738	0.183925	0.30787	0.58734	0.128976	0.000135	0.004686	0.167357	0.881836	0.32994	0.0319	0.010342	0.00094	0.00942	0.062783	0.25303	0.568074	0.775355	0.415334	0.00094	0.00942	0.062783	0.25303	0.568074	0.775355	0.415334	0.7	0.7
1822850	0	0	0	0	0	0	0	0	0	0	0	0	0	0	0	0	0	0	0	0.689767	-0.943577	0.00496499	0.465094	0.312204	-0.161266	-0.367188	0.000317	0.006946	0.050583	0.126694	0.259584	0.661991	0.167515	0.000137	0.004044	0.152339	0.904758	0.470692	0.085782	0.035592	0.003555	0.007731	0.045657	0.193022	0.47937	0.938883	0.633295	0.003555	0.007731	0.045657	0.193022	0.47937	0.938883	0.633295	0.8	0.7
1579800	0	0	0	0	0	0	0	0	0	0	0	0	0	0	0	0	0	0	0	0.810537	-0.93466	-0.0340889	0.411235	0.261333	-0.181776	-0.33258	0.000159	0.004422	0.035765	0.097989	0.231147	0.731653	0.211352	0.000139	0.003535	0.14057	0.92225	0.593082	0.15479	0.073232	0.002176	0.005886	0.036845	0.157516	0.408916	0.947887	0.687322	0.002176	0.005886	0.036845	0.157516	0.408916	0.947887	0.687322	0.9	0.7
2171940	0	0	0	0	0	0	0	0	0	0	0	0	0	0	0	0	0	0	0	0.605092	-0.907634	-0.36735	0.67563	0.397047	-0.0616856	-0.3411	0.000271	0.011216	0.077774	0.178464	0.302586	0.586662	0.126812	0.000121	0.005401	0.168641	0.885982	0.346861	0.034529	0.011173	0.005456	0.011712	0.058078	0.230616	0.542815	0.820537	0.474342	0.005456	0.011712	0.058078	0.230616	0.542815	0.820537	0.474342	0.7	0.8
1749290	0	0	0	0	0	0	0	0	0	0	0	0	0	0	0	0	0	0	0	0.713434	-0.939924	0.0324415	0.445685	0.27412	-0.166871	-0.358885	0.00031	0.006838	0.049964	0.125528	0.257944	0.661313	0.166225	0.000137	0.004024	0.151792	0.905312	0.472026	0.084684	0.03477	0.003093	0.007239	0.043638	0.186567	0.470876	0.939939	0.639636	0.003093	0.007239	0.043638	0.186567	0.470876	0.939939	0.639636	0.8	0.8
1514320	0	0	0	0	0	0	0	0	0	0	0	0	0	0	0	0	0	0	0	0.833055	-0.934775	-0.00147444	0.397522	0.227517	-0.188547	-0.333298	0.000153	0.004326	0.035161	0.096728	0.229391	0.732654	0.21113	0.000139	0.003518	0.14007	0.922936	0.596717	0.154914	0.072887	0.001845	0.005486	0.035283	0.153536	0.405414	0.947811	0.686865	0.001845	0.005486	0.035283	0.153536	0.405414	0.947811	0.686865	0.9	0.8
2116560	0	0	0	0	0	0	0	0	0	0	0	0	0	0	0	0	0	0	0	0.623413	-0.910064	-0.357576	0.667077	0.371318	-0.0617337	-0.332434	0.000279	0.011247	0.077598	0.178062	0.301835	0.585182	0.12557	0.000121	0.005393	0.168348	0.88631	0.346773	0.033868	0.010835	0.004912	0.011409	0.057141	0.226984	0.537558	0.829721	0.486111	0.004912	0.011409	0.057141	0.226984	0.537558	0.829721	0.486111	0.7	0.9
1696540	0	0	0	0	0	0	0	0	0	0	0	0	0	0	0	0	0	0	0	0.730581	-0.942004	0.0550342	0.431941	0.247225	-0.169034	-0.353743	0.000304	0.006756	0.049506	0.124661	0.256739	0.660576	0.165101	0.000137	0.004009	0.151376	0.905727	0.47291	0.08378	0.034118	0.000993	0.006433	0.042682	0.181982	0.462566	0.939768	0.638605	0.000993	0.006433	0.042682	0.181982	0.462566	0.939768	0.638605	0.8	0.9
1467620	0	0	0	0	0	0	0	0	0	0	0	0	0	0	0	0	0	0	0	0.848959	-0.938641	0.024927	0.388025	0.203298	-0.191913	-0.334655	0.000149	0.004254	0.034714	0.095786	0.228091	0.733398	0.210967	0.000139	0.003506	0.139692	0.923455	0.599338	0.154827	0.072511	0.000812	0.004981	0.034459	0.150708	0.401308	0.946996	0.681975	0.000812	0.004981	0.034459	0.150708	0.401308	0.946996	0.681975	0.9	0.9
